name,album,release_year,cluster,popularity,danceability,energy,loudness,speechiness,acousticness,instrumentalness,liveness,valence,tempo,duration_min
Concert Intro Music - Live,Licked Live In NYC,2022,0,33,0.463,0.993,-12.913,0.11,0.0824,0.996,0.932,0.0302,118.001,0.8106666666666666
Street Fighting Man - Live,Licked Live In NYC,2022,0,34,0.326,0.965,-4.803,0.0759,0.437,0.233,0.961,0.318,131.455,4.21955
Start Me Up - Live,Licked Live In NYC,2022,0,34,0.386,0.969,-4.936,0.115,0.416,0.4,0.956,0.313,130.066,4.386
If You Can't Rock Me - Live,Licked Live In NYC,2022,0,32,0.369,0.985,-5.535,0.193,0.567,0.000107,0.895,0.147,132.994,5.098
Don’t Stop - Live,Licked Live In NYC,2022,0,32,0.303,0.969,-5.098,0.093,0.4,0.0559,0.966,0.206,130.533,5.0851
Monkey Man - Live,Licked Live In NYC,2022,0,31,0.34,0.956,-5.539,0.0915,0.275,0.125,0.741,0.125,101.628,4.07155
Angie - Live,Licked Live In NYC,2022,0,31,0.262,0.81,-6.851,0.0969,0.561,2.76e-06,0.972,0.394,77.52,4.0917666666666666
Let It Bleed - Live,Licked Live In NYC,2022,0,30,0.413,0.971,-5.509,0.0873,0.317,0.000267,0.993,0.484,128.958,5.2264333333333335
Midnight Rambler - Live,Licked Live In NYC,2022,0,30,0.268,0.942,-6.018,0.119,0.416,0.0408,0.959,0.285,139.452,13.01955
Tumbling Dice - Live,Licked Live In NYC,2022,0,29,0.31,0.944,-5.074,0.128,0.401,0.0752,0.974,0.188,119.782,5.556883333333333
Band Introductions - Live,Licked Live In NYC,2022,0,27,0.262,0.939,-9.269,0.222,0.732,0.00952,0.936,0.0317,79.42,4.740433333333334
Thru And Thru - Live,Licked Live In NYC,2022,2,27,0.278,0.651,-7.024,0.0553,0.672,0.000425,0.893,0.334,95.853,7.206
Happy - Live,Licked Live In NYC,2022,0,27,0.322,0.947,-4.12,0.0602,0.473,0.163,0.955,0.498,136.149,3.7093333333333334
Gimme Shelter - Live,Licked Live In NYC,2022,0,28,0.36,0.98,-5.104,0.104,0.423,0.00219,0.98,0.136,119.779,7.173766666666666
You Got Me Rocking - Live,Licked Live In NYC,2022,0,26,0.388,0.974,-4.982,0.0974,0.32,0.0955,0.966,0.166,128.486,3.7924333333333333
Can't You Hear Me Knocking - Live,Licked Live In NYC,2022,0,27,0.401,0.921,-5.664,0.0517,0.435,0.0366,0.976,0.734,144.848,11.1331
Honky Tonk Women - Live,Licked Live In NYC,2022,0,27,0.401,0.94,-4.858,0.0928,0.536,0.00183,0.937,0.342,112.304,5.018433333333333
Satisfaction - Live,Licked Live In NYC,2022,0,28,0.256,0.979,-4.472,0.0906,0.5,0.309,0.969,0.24,142.464,6.18555
It's Only Rock 'N' Roll - Live,Licked Live In NYC,2022,0,25,0.378,0.986,-5.232,0.0833,0.675,0.621,0.971,0.436,140.253,5.066
When The Whip Comes Down - Live,Licked Live In NYC,2022,0,24,0.292,0.986,-5.827,0.131,0.336,0.282,0.975,0.179,149.383,4.85155
Brown Sugar - Live,Licked Live In NYC,2022,0,25,0.34,0.989,-4.734,0.108,0.439,0.722,0.982,0.164,139.361,5.626666666666667
Sympathy For The Devil - Live,Licked Live In NYC,2022,0,26,0.447,0.979,-4.942,0.114,0.424,2.17e-05,0.953,0.295,109.191,6.824433333333333
Jumpin Jack Flash - Live,Licked Live In NYC,2022,0,25,0.192,0.964,-4.264,0.0609,0.313,0.538,0.968,0.191,138.005,6.178883333333333
Honky Tonk Women - Live At The El Mocambo 1977,Live At The El Mocambo,2022,3,32,0.43,0.901,-6.215,0.045,0.162,0.011,0.694,0.89,112.077,3.6091
All Down The Line - Live At The El Mocambo 1977,Live At The El Mocambo,2022,0,29,0.245,0.965,-5.153,0.0828,0.107,0.0547,0.95,0.697,157.346,4.210666666666667
Hand Of Fate - Live At The El Mocambo 1977,Live At The El Mocambo,2022,3,29,0.477,0.899,-6.189,0.0425,0.0654,0.0376,0.727,0.805,129.991,4.464433333333333
Route 66 - Live At The El Mocambo 1977,Live At The El Mocambo,2022,3,30,0.473,0.923,-6.204,0.0791,0.0975,0.00157,0.722,0.792,144.625,3.22755
Fool To Cry - Live At The El Mocambo 1977,Live At The El Mocambo,2022,2,29,0.331,0.692,-7.105,0.045,0.434,0.0143,0.889,0.512,76.21,4.956433333333333
Crazy Mama - Live At The El Mocambo 1977,Live At The El Mocambo,2022,3,29,0.447,0.883,-6.266,0.0371,0.0288,0.00554,0.726,0.556,117.604,4.986883333333333
Mannish Boy - Live At The El Mocambo 1977,Live At The El Mocambo,2022,0,27,0.272,0.76,-7.508,0.0526,0.28,0.00087,0.962,0.782,201.585,6.047766666666667
Crackin’ Up - Live At The El Mocambo 1977,Live At The El Mocambo,2022,3,27,0.594,0.801,-7.448,0.0277,0.308,0.103,0.699,0.925,105.572,4.241766666666667
Dance Little Sister - Live At The El Mocambo 1977,Live At The El Mocambo,2022,0,27,0.311,0.912,-6.316,0.103,0.0647,0.0426,0.851,0.713,154.192,4.87555
Around And Around - Live At The El Mocambo 1977,Live At The El Mocambo,2022,3,27,0.429,0.869,-7.467,0.042,0.0645,0.00543,0.848,0.79,97.223,3.8866666666666667
Tumbling Dice - Live At The El Mocambo 1977,Live At The El Mocambo,2022,3,32,0.45,0.842,-7.254,0.0343,0.133,0.0358,0.758,0.768,107.825,4.9371
Hot Stuff - Live At The El Mocambo 1977,Live At The El Mocambo,2022,3,27,0.497,0.914,-6.82,0.0487,0.0372,0.181,0.753,0.791,110.005,5.476883333333333
Star Star - Live At The El Mocambo 1977,Live At The El Mocambo,2022,0,26,0.251,0.926,-6.013,0.0997,0.0252,0.0661,0.901,0.767,155.776,4.408216666666666
Let's Spend The Night Together - Live At The El Mocambo 1977,Live At The El Mocambo,2022,3,26,0.37,0.89,-6.004,0.0408,0.122,0.000808,0.7,0.723,78.472,3.8042166666666666
Worried Life Blues - Live At The El Mocambo 1977,Live At The El Mocambo,2022,2,26,0.417,0.677,-8.309,0.0461,0.239,0.00296,0.759,0.589,111.718,5.4451
Little Red Rooster - Live At The El Mocambo 1977,Live At The El Mocambo,2022,2,25,0.292,0.608,-8.809,0.0341,0.194,0.00879,0.746,0.43,98.803,4.849333333333333
It’s Only Rock ’N’ Roll (But I Like It) - Live At The El Mocambo 1977,Live At The El Mocambo,2022,3,29,0.327,0.919,-5.885,0.0379,0.119,0.00432,0.94,0.901,141.465,4.922883333333333
Rip This Joint - Live At The El Mocambo 1977,Live At The El Mocambo,2022,3,25,0.437,0.948,-5.321,0.0943,0.0293,0.756,0.976,0.727,116.343,2.18555
Brown Sugar - Live At The El Mocambo 1977,Live At The El Mocambo,2022,0,25,0.347,0.916,-5.455,0.081,0.0482,0.0499,0.973,0.795,150.435,3.411766666666667
Jumpin’ Jack Flash - Live At The El Mocambo 1977,Live At The El Mocambo,2022,0,27,0.219,0.915,-6.613,0.104,0.007,0.652,0.975,0.64,151.344,5.439766666666666
Melody - Live At The El Mocambo 1977,Live At The El Mocambo,2022,2,24,0.494,0.727,-7.673,0.0418,0.497,0.0,0.894,0.729,126.323,4.706883333333334
Luxury - Live At The El Mocambo 1977,Live At The El Mocambo,2022,3,24,0.568,0.789,-6.731,0.0284,0.126,0.0515,0.728,0.946,127.512,5.196
Worried About You - Live At The El Mocambo 1977,Live At The El Mocambo,2022,2,25,0.389,0.717,-6.576,0.0263,0.511,0.00627,0.714,0.633,82.795,8.184216666666666
Start Me Up - Remastered 2021,Tattoo You (Super Deluxe),2021,3,39,0.555,0.956,-2.147,0.0577,0.0302,0.367,0.0753,0.933,121.752,3.56955
Hang Fire - Remastered 2021,Tattoo You (Super Deluxe),2021,3,29,0.421,0.927,-1.734,0.0345,0.0136,0.0797,0.264,0.922,151.096,2.3604333333333334
Slave - Remastered 2021,Tattoo You (Super Deluxe),2021,3,29,0.558,0.898,-4.314,0.0515,0.13,0.306,0.0562,0.853,133.338,6.5404333333333335
Little T&A - Remastered 2021,Tattoo You (Super Deluxe),2021,3,28,0.497,0.953,-1.978,0.0328,0.156,0.0429,0.667,0.801,135.453,3.4073333333333333
Black Limousine - Remastered 2021,Tattoo You (Super Deluxe),2021,3,25,0.48,0.934,-1.382,0.0715,0.122,0.198,0.701,0.825,108.894,3.58155
Neighbours - Remastered 2021,Tattoo You (Super Deluxe),2021,3,24,0.479,0.981,-1.712,0.071,0.0754,0.00563,0.245,0.671,82.412,3.5717666666666665
Worried About You - Remastered 2021,Tattoo You (Super Deluxe),2021,3,26,0.423,0.714,-4.01,0.0318,0.0804,0.000517,0.082,0.383,84.351,5.304216666666667
Tops - Remastered 2021,Tattoo You (Super Deluxe),2021,3,26,0.57,0.826,-3.225,0.0457,0.0952,4.6e-05,0.11,0.634,80.247,3.818216666666667
Heaven - Remastered 2021,Tattoo You (Super Deluxe),2021,2,31,0.611,0.559,-5.833,0.0325,0.174,0.0167,0.132,0.111,114.128,4.386433333333334
No Use In Crying - Remastered 2021,Tattoo You (Super Deluxe),2021,2,25,0.594,0.609,-3.171,0.0311,0.578,0.000337,0.229,0.404,142.838,3.4422166666666665
Waiting On A Friend - Remastered 2021,Tattoo You (Super Deluxe),2021,3,29,0.57,0.86,-2.903,0.0315,0.0921,0.111,0.632,0.885,116.607,4.596
Living In The Heart Of Love,Tattoo You (Super Deluxe),2021,3,26,0.463,0.925,-1.392,0.0962,0.00869,0.0825,0.0791,0.761,132.485,4.21755
Fiji Jim,Tattoo You (Super Deluxe),2021,0,23,0.33,0.96,-1.014,0.204,0.0247,0.00585,0.044,0.624,179.524,4.007766666666667
Troubles A’ Comin,Tattoo You (Super Deluxe),2021,3,26,0.582,0.926,-2.732,0.0612,0.0393,0.0604,0.0766,0.514,104.892,4.26955
"Shame, Shame, Shame",Tattoo You (Super Deluxe),2021,3,22,0.475,0.908,-3.087,0.0419,0.00699,0.043,0.319,0.564,78.362,4.225766666666667
Drift Away,Tattoo You (Super Deluxe),2021,3,31,0.421,0.674,-3.404,0.0589,0.0971,1.05e-05,0.118,0.603,78.519,4.109766666666666
It's A Lie,Tattoo You (Super Deluxe),2021,3,22,0.528,0.978,-2.213,0.119,0.141,0.00669,0.406,0.619,127.681,4.95
Come To The Ball,Tattoo You (Super Deluxe),2021,3,28,0.44,0.971,-2.498,0.0448,0.0127,0.339,0.371,0.735,136.086,3.6786666666666665
"Fast Talking, Slow Walking",Tattoo You (Super Deluxe),2021,2,22,0.436,0.724,-2.89,0.0313,0.429,0.00274,0.0523,0.277,73.698,5.67
Start Me Up,Tattoo You (Super Deluxe),2021,3,29,0.661,0.879,-2.911,0.0778,0.00482,0.00723,0.303,0.659,125.967,4.172666666666666
Under My Thumb - Live at Wembley Stadium 1982,Tattoo You (Super Deluxe),2021,0,22,0.374,0.954,-7.062,0.0766,0.178,0.908,0.988,0.582,140.934,3.8964333333333334
When The Whip Comes Down - Live at Wembley Stadium 1982,Tattoo You (Super Deluxe),2021,0,19,0.382,0.972,-6.821,0.102,0.194,0.959,0.67,0.436,79.249,4.5591
Let's Spend The Night Together - Live at Wembley Stadium 1982,Tattoo You (Super Deluxe),2021,0,20,0.382,0.959,-5.971,0.124,0.458,0.964,0.955,0.426,157.371,4.367333333333334
Shattered - Live at Wembley Stadium 1982,Tattoo You (Super Deluxe),2021,0,19,0.362,0.985,-6.276,0.163,0.376,0.501,0.935,0.289,162.353,4.684433333333334
Neighbours - Live at Wembley Stadium 1982,Tattoo You (Super Deluxe),2021,0,18,0.402,0.969,-6.204,0.104,0.351,0.977,0.947,0.379,92.289,4.1691
Black Limousine - Live at Wembley Stadium 1982,Tattoo You (Super Deluxe),2021,0,18,0.307,0.963,-6.042,0.217,0.292,0.927,0.994,0.528,120.546,3.8566666666666665
Just My Imagination (Running Away With Me) - Live at Wembley Stadium 1982,Tattoo You (Super Deluxe),2021,0,19,0.314,0.935,-6.393,0.0913,0.241,0.932,0.944,0.61,117.422,9.536433333333333
Twenty Flight Rock - Live at Wembley Stadium 1982,Tattoo You (Super Deluxe),2021,3,18,0.548,0.968,-5.737,0.0581,0.299,0.872,0.877,0.64,105.267,1.7686666666666666
Going To A Go-Go - Live at Wembley Stadium 1982,Tattoo You (Super Deluxe),2021,3,19,0.572,0.932,-5.955,0.0671,0.458,0.773,0.941,0.624,127.818,3.6666666666666665
Chantilly Lace - Live at Wembley Stadium 1982,Tattoo You (Super Deluxe),2021,3,18,0.485,0.952,-5.495,0.0605,0.427,0.791,0.958,0.752,123.483,4.193766666666667
Let Me Go - Live at Wembley Stadium 1982,Tattoo You (Super Deluxe),2021,0,17,0.286,0.978,-6.113,0.135,0.114,0.917,0.903,0.701,189.824,4.09555
Time Is On My Side - Live at Wembley Stadium 1982,Tattoo You (Super Deluxe),2021,0,18,0.304,0.831,-6.507,0.0992,0.605,0.00664,0.89,0.473,174.336,3.851766666666667
Beast Of Burden - Live at Wembley Stadium 1982,Tattoo You (Super Deluxe),2021,3,20,0.556,0.882,-6.754,0.0496,0.393,0.126,0.963,0.783,111.12,7.3773333333333335
Let It Bleed - Live at Wembley Stadium 1982,Tattoo You (Super Deluxe),2021,3,18,0.492,0.969,-6.337,0.0617,0.191,0.185,0.904,0.784,129.238,6.006433333333334
You Can't Always Get What You Want - Live at Wembley Stadium 1982,Tattoo You (Super Deluxe),2021,0,18,0.358,0.843,-7.031,0.0851,0.387,0.193,0.988,0.576,77.872,10.804433333333334
Band Introductions - Live at Wembley Stadium 1982,Tattoo You (Super Deluxe),2021,0,15,0.345,0.946,-10.683,0.425,0.898,0.0514,0.732,0.0316,78.893,1.1924333333333332
Little T&A - Live at Wembley Stadium 1982,Tattoo You (Super Deluxe),2021,0,17,0.423,0.97,-6.179,0.101,0.0607,0.0516,0.975,0.463,78.767,3.352
Tumbling Dice - Live at Wembley Stadium 1982,Tattoo You (Super Deluxe),2021,0,17,0.446,0.915,-6.404,0.0975,0.541,0.296,0.966,0.526,117.936,4.4511
She's So Cold - Live at Wembley Stadium 1982,Tattoo You (Super Deluxe),2021,0,18,0.36,0.952,-6.579,0.138,0.219,0.673,0.736,0.618,168.863,4.174883333333334
Hang Fire - Live at Wembley Stadium 1982,Tattoo You (Super Deluxe),2021,0,17,0.197,0.979,-5.8,0.0954,0.228,0.712,0.993,0.57,171.766,2.451766666666667
Miss You - Live at Wembley Stadium 1982,Tattoo You (Super Deluxe),2021,3,19,0.509,0.874,-6.823,0.0498,0.255,0.104,0.911,0.683,116.717,7.8097666666666665
Honky Tonk Women - Live at Wembley Stadium 1982,Tattoo You (Super Deluxe),2021,3,18,0.412,0.923,-6.532,0.0506,0.243,0.0509,0.904,0.624,116.167,3.5237666666666665
Brown Sugar - Live at Wembley Stadium 1982,Tattoo You (Super Deluxe),2021,0,16,0.267,0.985,-5.808,0.118,0.303,0.344,0.967,0.321,146.544,3.39955
Start Me Up - Live at Wembley Stadium 1982,Tattoo You (Super Deluxe),2021,0,17,0.401,0.986,-5.755,0.14,0.489,0.666,0.976,0.493,138.949,4.664433333333333
Jumpin' Jack Flash - Live at Wembley Stadium 1982,Tattoo You (Super Deluxe),2021,0,17,0.227,0.978,-6.262,0.103,0.162,0.917,0.986,0.481,155.773,6.02555
(I Can't Get No) Satisfaction - Live at Wembley Stadium 1982,Tattoo You (Super Deluxe),2021,0,16,0.245,0.965,-5.666,0.0615,0.339,0.537,0.96,0.51,169.329,6.033766666666667
Start Me Up - Remastered 2021,Tattoo You,2021,3,12,0.555,0.956,-2.147,0.0577,0.0302,0.367,0.0753,0.933,121.752,3.56955
Hang Fire - Remastered 2021,Tattoo You,2021,3,11,0.421,0.927,-1.734,0.0345,0.0136,0.0797,0.264,0.922,151.096,2.3604333333333334
Slave - Remastered 2021,Tattoo You,2021,3,11,0.558,0.898,-4.314,0.0515,0.13,0.306,0.0562,0.853,133.338,6.5404333333333335
Little T&A - Remastered 2021,Tattoo You,2021,3,13,0.497,0.953,-1.978,0.0328,0.156,0.0429,0.667,0.801,135.453,3.4073333333333333
Black Limousine - Remastered 2021,Tattoo You,2021,3,9,0.48,0.934,-1.382,0.0715,0.122,0.198,0.701,0.825,108.894,3.58155
Neighbours - Remastered 2021,Tattoo You,2021,3,8,0.479,0.981,-1.712,0.071,0.0754,0.00563,0.245,0.671,82.412,3.5717666666666665
Worried About You - Remastered 2021,Tattoo You,2021,3,10,0.423,0.714,-4.01,0.0318,0.0804,0.000517,0.082,0.383,84.351,5.304216666666667
Tops - Remastered 2021,Tattoo You,2021,3,9,0.57,0.826,-3.225,0.0457,0.0952,4.6e-05,0.11,0.634,80.247,3.818216666666667
Heaven - Remastered 2021,Tattoo You,2021,2,12,0.611,0.559,-5.833,0.0325,0.174,0.0167,0.132,0.111,114.128,4.386433333333334
No Use In Crying - Remastered 2021,Tattoo You,2021,2,9,0.594,0.609,-3.171,0.0311,0.578,0.000337,0.229,0.404,142.838,3.4422166666666665
Waiting On A Friend - Remastered 2021,Tattoo You,2021,3,11,0.57,0.86,-2.903,0.0315,0.0921,0.111,0.632,0.885,116.607,4.596
Intro - Live,A Bigger Bang (Live),2021,2,17,0.183,0.967,-13.77,0.088,0.258,0.688,0.87,0.0159,46.525,2.179316666666667
Jumpin’ Jack Flash - Live,A Bigger Bang (Live),2021,0,20,0.258,0.988,-4.036,0.106,0.325,0.89,0.969,0.218,142.035,3.9842166666666667
It's Only Rock 'N' Roll (But I Like It) - Live,A Bigger Bang (Live),2021,0,19,0.353,0.995,-4.113,0.141,0.414,0.754,0.876,0.131,142.961,4.475766666666667
You Got Me Rocking - Live,A Bigger Bang (Live),2021,0,19,0.422,0.971,-4.523,0.0987,0.197,0.307,0.974,0.343,137.572,3.58155
Tumbling Dice - Live,A Bigger Bang (Live),2021,0,18,0.33,0.971,-4.435,0.129,0.436,0.478,0.984,0.263,125.392,4.843333333333334
"Oh No, Not You Again - Live",A Bigger Bang (Live),2021,0,18,0.359,0.978,-4.103,0.147,0.23,0.794,0.979,0.253,143.921,4.49
Wild Horses - Live,A Bigger Bang (Live),2021,2,23,0.287,0.757,-6.57,0.0455,0.369,0.0,0.729,0.452,78.74,5.615766666666667
Rain Fall Down - Live,A Bigger Bang (Live),2021,0,18,0.449,0.954,-5.158,0.11,0.339,0.0285,0.946,0.374,100.042,5.4851
Midnight Rambler - Live,A Bigger Bang (Live),2021,0,19,0.291,0.955,-5.177,0.192,0.495,0.566,0.817,0.255,144.032,12.2451
Night Time Is The Right Time - Live,A Bigger Bang (Live),2021,0,18,0.298,0.965,-3.67,0.118,0.536,0.0253,0.951,0.237,115.396,5.306216666666667
Band Intros - Live,A Bigger Bang (Live),2021,2,13,0.268,0.838,-8.805,0.164,0.914,0.0504,0.953,0.0327,85.691,3.4148833333333335
This Place Is Empty - Live,A Bigger Bang (Live),2021,0,16,0.245,0.783,-7.691,0.0552,0.337,0.00109,0.874,0.493,177.205,3.792
Happy - Live,A Bigger Bang (Live),2021,0,15,0.229,0.985,-4.765,0.156,0.377,0.0322,0.713,0.164,137.867,3.9122166666666667
Miss You - Live,A Bigger Bang (Live),2021,0,21,0.442,0.979,-4.445,0.143,0.596,0.0137,0.82,0.281,122.191,6.010433333333333
Rough Justice - Live,A Bigger Bang (Live),2021,0,16,0.281,0.993,-3.786,0.154,0.453,0.888,0.823,0.11,144.554,3.403766666666667
Get Off Of My Cloud - Live,A Bigger Bang (Live),2021,0,16,0.357,0.994,-3.642,0.187,0.455,0.855,0.8,0.146,136.054,3.168
Honky Tonk Women - Live,A Bigger Bang (Live),2021,0,16,0.396,0.983,-4.186,0.0874,0.389,0.444,0.951,0.339,124.933,4.200216666666667
Sympathy For The Devil - Live,A Bigger Bang (Live),2021,0,24,0.569,0.956,-4.486,0.116,0.313,0.138,0.881,0.387,110.207,8.028666666666666
Start Me Up - Live,A Bigger Bang (Live),2021,0,22,0.431,0.983,-3.722,0.0856,0.333,0.798,0.921,0.365,130.594,4.080883333333333
Brown Sugar - Live,A Bigger Bang (Live),2021,0,20,0.377,0.982,-3.728,0.116,0.237,0.807,0.989,0.221,134.148,6.058216666666667
You Can't Always Get What You Want - Live,A Bigger Bang (Live),2021,0,16,0.241,0.902,-4.663,0.0954,0.514,0.0241,0.95,0.384,176.337,7.354883333333333
(I Can't Get No) Satisfaction - Live,A Bigger Bang (Live),2021,0,16,0.287,0.984,-4.119,0.113,0.241,0.907,0.952,0.112,142.555,8.255333333333333
Start Me Up - Live,Steel Wheels Live,2020,0,23,0.475,0.987,-4.37,0.0766,0.0166,0.0239,0.964,0.426,133.137,3.7891
Bitch - Live,Steel Wheels Live,2020,0,19,0.376,0.969,-4.201,0.104,0.0298,0.0122,0.967,0.286,76.705,3.4611
Sad Sad Sad - Live,Steel Wheels Live,2020,0,20,0.234,0.972,-4.372,0.0944,0.0342,0.0038,0.97,0.256,157.936,3.7866666666666666
Undercover Of The Night - Live,Steel Wheels Live,2020,0,21,0.347,0.98,-4.62,0.201,0.0815,0.0,0.974,0.211,124.126,4.342216666666666
Harlem Shuffle - Live,Steel Wheels Live,2020,0,21,0.391,0.963,-4.096,0.0907,0.0782,1.13e-06,0.964,0.309,121.483,4.561333333333334
Tumbling Dice - Live,Steel Wheels Live,2020,0,19,0.344,0.966,-4.091,0.0815,0.0606,9.58e-06,0.968,0.479,119.526,4.304216666666667
Miss You - Live,Steel Wheels Live,2020,0,20,0.435,0.978,-4.532,0.114,0.0581,0.0169,0.968,0.337,122.82,6.720433333333333
Terrifying - Live,Steel Wheels Live,2020,0,18,0.402,0.956,-5.325,0.134,0.0678,3.63e-05,0.969,0.362,136.785,4.98955
Ruby Tuesday - Live,Steel Wheels Live,2020,0,22,0.359,0.875,-5.184,0.0474,0.659,1.19e-05,0.961,0.526,108.143,3.7957666666666667
Salt Of The Earth - Live,Steel Wheels Live,2020,0,26,0.254,0.95,-4.915,0.116,0.406,0.00073,0.978,0.292,92.903,6.031766666666667
Rock And A Hard Place - Live,Steel Wheels Live,2020,0,19,0.4,0.964,-4.498,0.118,0.0114,0.000308,0.969,0.268,135.158,5.086
Mixed Emotions - Live,Steel Wheels Live,2020,0,21,0.412,0.971,-4.804,0.0751,0.0678,0.000789,0.974,0.527,136.124,5.307766666666667
Honky Tonk Women - Live,Steel Wheels Live,2020,0,23,0.368,0.987,-4.482,0.115,0.0137,0.00329,0.96,0.342,120.346,4.91
Midnight Rambler - Live,Steel Wheels Live,2020,0,21,0.306,0.957,-5.216,0.0984,0.108,0.0994,0.9,0.263,143.646,10.34355
You Can't Always Get What You Want - Live,Steel Wheels Live,2020,0,22,0.228,0.953,-4.733,0.102,0.193,0.000442,0.972,0.48,88.625,7.2984333333333336
Little Red Rooster - Live,Steel Wheels Live,2020,0,19,0.333,0.946,-4.046,0.137,0.157,0.0174,0.969,0.361,104.578,6.326216666666666
Boogie Chillen - Live,Steel Wheels Live,2020,0,22,0.421,0.953,-5.438,0.152,0.0137,0.113,0.971,0.228,78.932,5.537766666666666
Can’t Be Seen - Live,Steel Wheels Live,2020,0,16,0.333,0.961,-5.772,0.146,0.000293,0.000543,0.951,0.25,78.24,6.102666666666667
Happy - Live,Steel Wheels Live,2020,0,15,0.214,0.958,-4.262,0.114,0.0971,0.00359,0.935,0.135,76.239,4.5517666666666665
Paint It Black - Live,Steel Wheels Live,2020,0,19,0.208,0.981,-4.233,0.207,0.0041,1.76e-05,0.939,0.126,166.042,3.84155
2000 Light Years From Home / She’s A Rainbow / Keyboard Duet - Live,Steel Wheels Live,2020,0,16,0.158,0.855,-7.001,0.078,0.0303,0.0219,0.708,0.0612,99.535,7.402666666666667
Sympathy For The Devil - Live,Steel Wheels Live,2020,0,20,0.481,0.98,-5.127,0.123,0.0878,0.00235,0.952,0.28,110.017,7.684433333333334
Gimme Shelter - Live,Steel Wheels Live,2020,0,19,0.324,0.971,-4.769,0.116,0.0194,0.000269,0.957,0.31,128.288,7.532666666666667
It's Only Rock 'N' Roll (But I Like It) - Live,Steel Wheels Live,2020,0,16,0.372,0.985,-4.506,0.135,0.0492,0.00217,0.809,0.433,139.787,4.8131
Brown Sugar - Live,Steel Wheels Live,2020,0,16,0.351,0.977,-4.315,0.104,0.00663,0.113,0.996,0.234,141.44,4.5986666666666665
(I Can't Get No) Satisfaction - Live,Steel Wheels Live,2020,0,17,0.203,0.978,-4.437,0.113,0.00303,0.0138,0.979,0.209,149.338,7.4291
Jumpin’ Jack Flash - Live,Steel Wheels Live,2020,0,17,0.157,0.977,-4.198,0.107,0.00527,0.562,0.961,0.228,141.473,6.601333333333334
Dancing With Mr D - 2020,Goats Head Soup (Deluxe),2020,3,28,0.63,0.876,-4.346,0.0309,0.208,0.142,0.107,0.944,106.044,4.8726666666666665
100 Years Ago - 2020,Goats Head Soup (Deluxe),2020,3,30,0.398,0.804,-5.255,0.0455,0.151,0.173,0.217,0.687,124.305,3.9688833333333333
Coming Down Again - 2020,Goats Head Soup (Deluxe),2020,2,25,0.483,0.397,-8.76,0.0308,0.76,0.519,0.111,0.384,71.902,5.9028833333333335
Doo Doo Doo Doo Doo (Heartbreaker) - 2020,Goats Head Soup (Deluxe),2020,3,35,0.461,0.726,-5.138,0.0285,0.00794,0.427,0.473,0.522,111.117,3.446
Angie - 2020,Goats Head Soup (Deluxe),2020,2,42,0.441,0.488,-6.404,0.0307,0.171,2.24e-05,0.112,0.397,136.956,4.536216666666666
Silver Train - 2020,Goats Head Soup (Deluxe),2020,3,24,0.425,0.919,-2.684,0.0365,0.138,0.793,0.566,0.883,147.821,4.437766666666667
Hide Your Love - 2020,Goats Head Soup (Deluxe),2020,3,24,0.537,0.707,-4.873,0.0291,0.691,0.785,0.132,0.771,110.06,4.1971
Winter - 2020,Goats Head Soup (Deluxe),2020,2,28,0.393,0.597,-6.395,0.0307,0.155,0.403,0.285,0.516,74.941,5.49
Can You Hear The Music - 2020,Goats Head Soup (Deluxe),2020,2,23,0.333,0.622,-7.039,0.0281,0.155,0.00016,0.234,0.467,73.157,5.528433333333333
Star Star - 2020,Goats Head Soup (Deluxe),2020,3,27,0.575,0.949,-4.432,0.0542,0.121,0.453,0.144,0.783,142.253,4.394433333333334
Scarlet,Goats Head Soup (Deluxe),2020,0,37,0.482,0.948,-3.389,0.179,0.0431,0.369,0.252,0.644,172.674,3.7382166666666667
All The Rage,Goats Head Soup (Deluxe),2020,3,31,0.544,0.876,-4.33,0.0362,0.0176,0.665,0.063,0.907,133.026,4.186216666666667
Criss Cross,Goats Head Soup (Deluxe),2020,3,25,0.555,0.94,-4.232,0.0762,0.0145,0.628,0.057,0.668,131.951,4.5391
100 Years Ago - Piano Demo,Goats Head Soup (Deluxe),2020,2,25,0.554,0.413,-7.8,0.0276,0.935,0.000994,0.145,0.414,105.219,2.7168833333333335
Dancing With Mr D - Instrumental,Goats Head Soup (Deluxe),2020,3,21,0.479,0.865,-5.182,0.0483,0.106,0.947,0.0542,0.801,113.555,3.514883333333333
Heartbreaker - Instrumental,Goats Head Soup (Deluxe),2020,2,26,0.363,0.759,-8.022,0.0297,0.447,0.888,0.153,0.105,105.236,3.2937666666666665
Hide Your Love - Alternate Mix,Goats Head Soup (Deluxe),2020,3,21,0.441,0.823,-5.4,0.053,0.173,0.75,0.244,0.689,108.276,5.29555
Dancing With Mr D,Goats Head Soup (Deluxe),2020,3,19,0.661,0.938,-4.393,0.0343,0.522,0.104,0.0497,0.964,105.758,4.565333333333333
Doo Doo Doo Doo Doo (Heartbreaker),Goats Head Soup (Deluxe),2020,3,32,0.468,0.828,-5.887,0.0411,0.265,0.0972,0.227,0.686,110.044,3.434
Silver Train,Goats Head Soup (Deluxe),2020,3,18,0.467,0.903,-5.159,0.0369,0.259,0.0553,0.492,0.869,147.406,4.5171
Scarlet - The War On Drugs Remix,Goats Head Soup (Deluxe),2020,1,24,0.563,0.803,-8.232,0.0652,0.00953,0.00656,0.101,0.53,169.997,3.81355
Scarlet - The Killers & Jacques Lu Cont Remix,Goats Head Soup (Deluxe),2020,1,32,0.471,0.891,-9.463,0.0385,0.00859,0.0434,0.112,0.612,174.067,3.2428833333333333
"Brown Sugar - Live / Forest National Arena, Brussels / 17/10/73",Goats Head Soup (Deluxe),2020,0,21,0.337,0.916,-4.93,0.056,0.0169,0.00437,0.969,0.654,139.64,3.931766666666667
"Gimme Shelter - Live / Forest National Arena, Brussels / 17/10/73",Goats Head Soup (Deluxe),2020,3,22,0.331,0.918,-5.602,0.0432,0.0282,0.00548,0.464,0.613,131.647,5.54955
"Happy - Live / Forest National Arena, Brussels / 17/10/73",Goats Head Soup (Deluxe),2020,3,20,0.353,0.955,-3.751,0.0568,0.0314,0.0014,0.952,0.685,143.025,3.234
"Tumbling Dice - Live / Forest National Arena, Brussels / 17/10/73",Goats Head Soup (Deluxe),2020,3,20,0.4,0.897,-4.685,0.0582,0.315,0.000418,0.588,0.758,115.635,5.0713333333333335
"Star Star - Live / Forest National Arena, Brussels / 17/10/73",Goats Head Soup (Deluxe),2020,3,20,0.455,0.961,-4.345,0.0777,0.0967,0.00236,0.978,0.804,149.063,4.272666666666667
"Dancing With Mr D - Live / Forest National Arena, Brussels / 17/10/73",Goats Head Soup (Deluxe),2020,3,19,0.489,0.919,-4.325,0.035,0.0759,0.000174,0.309,0.826,111.848,4.626666666666667
"Doo Doo Doo Doo Doo (Heartbreaker) - Live / Forest National Arena, Brussels / 17/10/73",Goats Head Soup (Deluxe),2020,0,20,0.319,0.925,-5.584,0.088,0.0765,0.000558,0.932,0.532,125.335,5.05355
"Angie - Live / Forest National Arena, Brussels / 17/10/73",Goats Head Soup (Deluxe),2020,2,22,0.374,0.784,-6.621,0.0832,0.444,6.83e-05,0.131,0.347,134.467,5.248666666666667
"You Can't Always Get What You Want - Live / Forest National Arena, Brussels / 17/10/73",Goats Head Soup (Deluxe),2020,0,23,0.364,0.929,-4.521,0.142,0.115,0.00893,0.745,0.509,141.693,11.010883333333334
"Midnight Rambler - Live / Forest National Arena, Brussels / 17/10/73",Goats Head Soup (Deluxe),2020,0,20,0.251,0.871,-4.472,0.0579,0.0533,0.0835,0.59,0.562,167.464,12.8871
"Honky Tonk Women - Live / Forest National Arena, Brussels / 17/10/73",Goats Head Soup (Deluxe),2020,3,19,0.343,0.974,-3.69,0.0638,0.00948,0.00178,0.748,0.81,122.223,3.1928833333333335
"All Down The Line - Live / Forest National Arena, Brussels / 17/10/73",Goats Head Soup (Deluxe),2020,3,17,0.239,0.963,-4.126,0.0552,0.00154,0.47,0.795,0.664,83.126,4.346433333333334
"Rip This Joint - Live / Forest National Arena, Brussels / 17/10/73",Goats Head Soup (Deluxe),2020,3,16,0.383,0.954,-3.659,0.0734,0.0387,0.00294,0.401,0.689,108.597,2.4168833333333333
"Jumpin' Jack Flash - Live / Forest National Arena, Brussels / 17/10/73",Goats Head Soup (Deluxe),2020,3,18,0.331,0.959,-4.186,0.0535,0.00122,0.237,0.815,0.522,76.715,3.4577666666666667
"Street Fighting Man - Live / Forest National Arena, Brussels / 17/10/73",Goats Head Soup (Deluxe),2020,0,17,0.104,0.953,-3.149,0.0655,4.03e-05,0.197,0.971,0.486,157.186,5.25155
(I Can't Get No) Satisfaction - Live,Bridges To Buenos Aires (Live),2019,0,24,0.294,0.986,-5.094,0.206,0.0215,0.0503,0.588,0.0918,142.591,5.3406666666666665
Let's Spend The Night Together - Live,Bridges To Buenos Aires (Live),2019,0,24,0.487,0.983,-4.454,0.251,0.108,3.01e-05,0.944,0.287,143.53,4.09155
Flip The Switch - Live,Bridges To Buenos Aires (Live),2019,0,19,0.335,0.972,-4.931,0.208,0.0827,0.00372,0.931,0.337,152.321,4.0651
Gimme Shelter - Live,Bridges To Buenos Aires (Live),2019,0,25,0.438,0.957,-5.064,0.135,0.0997,0.00554,0.774,0.272,119.245,6.6231
Sister Morphine - Live,Bridges To Buenos Aires (Live),2019,0,19,0.246,0.913,-5.153,0.0921,0.105,0.000478,0.969,0.332,80.371,6.33
It's Only Rock 'N' Roll (But I Like It) - Live,Bridges To Buenos Aires (Live),2019,0,20,0.366,0.981,-4.416,0.174,0.0782,0.00269,0.853,0.368,142.269,4.652
Saint Of Me - Live,Bridges To Buenos Aires (Live),2019,0,21,0.363,0.953,-4.687,0.143,0.123,0.00102,0.908,0.2,125.673,5.232
Out Of Control - Live,Bridges To Buenos Aires (Live),2019,0,22,0.311,0.905,-5.523,0.116,0.182,0.0001,0.948,0.35,119.406,7.5231
Miss You - Live,Bridges To Buenos Aires (Live),2019,0,22,0.477,0.933,-4.95,0.22,0.113,0.0107,0.956,0.396,119.985,9.89755
Like A Rolling Stone - Live,Bridges To Buenos Aires (Live),2019,0,23,0.303,0.955,-4.232,0.188,0.106,0.000564,0.906,0.307,107.591,6.4231
Thief In The Night - Live,Bridges To Buenos Aires (Live),2019,3,17,0.453,0.817,-5.283,0.0307,0.109,3.73e-05,0.93,0.671,93.726,6.328883333333334
Wanna Hold You - Live,Bridges To Buenos Aires (Live),2019,0,15,0.188,0.957,-4.337,0.21,0.0743,0.00234,0.965,0.385,144.547,4.880883333333333
Little Queenie - Live,Bridges To Buenos Aires (Live),2019,0,17,0.388,0.987,-3.972,0.255,0.0904,0.0411,0.988,0.246,144.367,4.30955
When The Whip Comes Down - Live,Bridges To Buenos Aires (Live),2019,0,14,0.288,0.975,-4.254,0.215,0.0804,0.00139,0.955,0.237,147.703,3.8773333333333335
You Got Me Rocking - Live,Bridges To Buenos Aires (Live),2019,0,17,0.342,0.976,-3.456,0.195,0.0199,0.00863,0.967,0.141,137.945,3.226
Sympathy For The Devil - Live,Bridges To Buenos Aires (Live),2019,0,22,0.583,0.982,-4.429,0.166,0.24,0.000667,0.973,0.384,109.012,8.190666666666667
Tumbling Dice - Live,Bridges To Buenos Aires (Live),2019,0,20,0.409,0.96,-3.806,0.138,0.108,0.00133,0.947,0.359,109.091,5.942433333333334
Honky Tonk Women - Live,Bridges To Buenos Aires (Live),2019,0,17,0.456,0.969,-3.582,0.0961,0.139,0.000766,0.925,0.499,112.632,4.839766666666667
Start Me Up - Live,Bridges To Buenos Aires (Live),2019,0,19,0.42,0.979,-4.133,0.116,0.102,0.0198,0.943,0.462,123.541,4.33465
Jumpin’ Jack Flash - Live,Bridges To Buenos Aires (Live),2019,0,21,0.274,0.982,-4.032,0.157,0.123,0.0135,0.904,0.154,129.367,6.970883333333333
You Can't Always Get What You Want - Live,Bridges To Buenos Aires (Live),2019,0,18,0.204,0.942,-4.185,0.141,0.172,0.0165,0.904,0.358,76.782,5.800216666666667
Brown Sugar - Live,Bridges To Buenos Aires (Live),2019,0,17,0.344,0.978,-3.888,0.123,0.0861,0.0228,0.275,0.17,135.341,7.0231
(I Can't Get No) Satisfaction - Live,Bridges To Bremen (Live),2019,0,20,0.331,0.973,-4.344,0.121,0.0377,0.0118,0.967,0.3,139.314,5.1431
Let's Spend The Night Together - Live,Bridges To Bremen (Live),2019,0,19,0.446,0.957,-5.113,0.244,0.196,0.0,0.683,0.397,140.87,4.579766666666667
Flip The Switch - Live,Bridges To Bremen (Live),2019,0,17,0.369,0.977,-4.552,0.306,0.0868,0.000621,0.967,0.387,148.352,4.55955
Gimme Shelter - Live,Bridges To Bremen (Live),2019,0,24,0.405,0.955,-4.029,0.0881,0.216,0.014,0.74,0.327,121.535,6.72355
Anybody Seen My Baby? - Live,Bridges To Bremen (Live),2019,0,24,0.482,0.843,-5.762,0.0772,0.248,0.000103,0.69,0.429,112.06,5.31755
Paint It Black - Live,Bridges To Bremen (Live),2019,0,23,0.225,0.965,-4.575,0.0905,0.0124,0.0,0.969,0.263,147.127,5.081766666666667
Saint Of Me - Live,Bridges To Bremen (Live),2019,0,18,0.279,0.967,-4.809,0.28,0.323,0.0067,0.836,0.168,129.096,6.910216666666667
Out Of Control - Live,Bridges To Bremen (Live),2019,0,21,0.302,0.817,-5.634,0.104,0.254,0.00273,0.975,0.358,119.018,8.278883333333333
Memory Motel - Live,Bridges To Bremen (Live),2019,0,23,0.301,0.732,-6.627,0.0654,0.522,1.06e-06,0.685,0.383,172.76,6.326666666666667
Miss You - Live,Bridges To Bremen (Live),2019,0,21,0.429,0.919,-4.904,0.182,0.18,4.07e-06,0.796,0.31,116.807,16.364433333333334
Thief In The Night - Live,Bridges To Bremen (Live),2019,0,12,0.358,0.798,-5.706,0.053,0.285,0.0,0.914,0.472,95.254,6.747766666666666
Wanna Hold You - Live,Bridges To Bremen (Live),2019,0,14,0.263,0.895,-3.409,0.0601,0.192,0.000256,0.966,0.544,140.363,4.968
It's Only Rock 'N' Roll (But I Like It) - Live,Bridges To Bremen (Live),2019,0,15,0.439,0.982,-4.034,0.144,0.49,0.00958,0.835,0.416,141.422,4.6291
You Got Me Rocking - Live,Bridges To Bremen (Live),2019,0,13,0.383,0.953,-3.68,0.17,0.232,0.0349,0.53,0.283,136.241,3.7084333333333332
Like A Rolling Stone - Live,Bridges To Bremen (Live),2019,0,19,0.355,0.945,-3.504,0.13,0.242,0.00401,0.969,0.318,110.178,5.858883333333333
Sympathy For The Devil - Live,Bridges To Bremen (Live),2019,0,20,0.582,0.973,-4.771,0.124,0.29,2.72e-06,0.893,0.357,108.996,8.666433333333334
Tumbling Dice - Live,Bridges To Bremen (Live),2019,0,14,0.39,0.956,-3.449,0.0839,0.17,0.000126,0.968,0.486,109.49,5.505333333333334
Honky Tonk Women - Live,Bridges To Bremen (Live),2019,0,15,0.462,0.911,-3.932,0.0888,0.0771,6.43e-05,0.872,0.596,110.192,4.7051
Start Me Up - Live,Bridges To Bremen (Live),2019,0,16,0.419,0.945,-3.609,0.0741,0.241,0.0476,0.97,0.564,119.245,4.789766666666667
Jumpin’ Jack Flash - Live,Bridges To Bremen (Live),2019,0,16,0.299,0.959,-3.51,0.119,0.14,0.122,0.935,0.338,126.374,7.1928833333333335
You Can't Always Get What You Want - Live,Bridges To Bremen (Live),2019,0,18,0.242,0.865,-4.04,0.0744,0.438,0.00409,0.976,0.369,78.828,5.756883333333334
Brown Sugar - Live,Bridges To Bremen (Live),2019,0,14,0.362,0.965,-2.958,0.0744,0.198,0.0,0.76,0.322,131.353,7.4957666666666665
Living In A Ghost Town,Honk (Deluxe),2019,1,41,0.679,0.697,-5.369,0.0454,0.0148,0.0119,0.124,0.776,110.558,4.116833333333333
Start Me Up,Honk (Deluxe),2019,3,42,0.632,0.918,-4.717,0.037,0.0434,0.112,0.0812,0.971,122.412,3.5501
Doom And Gloom,Honk (Deluxe),2019,3,49,0.611,0.837,-4.558,0.0328,0.000596,0.0169,0.173,0.783,131.599,3.9757666666666664
Brown Sugar - 2009 Remaster,Honk (Deluxe),2019,3,26,0.633,0.933,-3.572,0.0349,0.234,0.000161,0.072,0.965,128.588,3.8374333333333333
Beast Of Burden,Honk (Deluxe),2019,1,42,0.781,0.844,-4.754,0.0305,0.454,0.00368,0.0518,0.902,100.709,4.424966666666666
Wild Horses - 2009 Mix,Honk (Deluxe),2019,2,32,0.435,0.392,-6.501,0.0256,0.707,0.00906,0.069,0.169,136.884,5.71355
Angie,Honk (Deluxe),2019,2,27,0.434,0.546,-6.099,0.0294,0.687,0.000192,0.109,0.398,134.302,4.540666666666667
Miss You,Honk (Deluxe),2019,1,46,0.794,0.71,-4.741,0.039,0.397,0.0141,0.179,0.829,109.685,4.813766666666667
Rocks Off,Honk (Deluxe),2019,3,24,0.487,0.94,-4.4,0.0429,0.0635,0.13,0.161,0.92,141.558,4.544216666666666
Don't Stop,Honk (Deluxe),2019,3,44,0.474,0.857,-5.36,0.0356,0.00908,0.00278,0.193,0.727,127.003,3.9857666666666667
Tumbling Dice,Honk (Deluxe),2019,3,41,0.617,0.905,-4.585,0.0351,0.455,0.578,0.289,0.787,110.957,3.7706666666666666
Ride 'Em On Down,Honk (Deluxe),2019,3,22,0.508,0.943,-4.57,0.0926,0.134,0.00852,0.337,0.755,115.905,2.828
Rain Fall Down,Honk (Deluxe),2019,1,28,0.657,0.844,-6.597,0.0559,0.00188,0.00548,0.0638,0.528,98.016,4.904883333333333
Love Is Strong,Honk (Deluxe),2019,3,25,0.526,0.851,-5.128,0.0458,0.0142,0.251,0.111,0.499,110.104,3.7857666666666665
Mixed Emotions,Honk (Deluxe),2019,3,24,0.489,0.956,-3.989,0.0429,0.0934,0.000524,0.822,0.827,137.074,4.643983333333333
Doo Doo Doo Doo Doo (Heartbreaker),Honk (Deluxe),2019,3,23,0.435,0.788,-5.72,0.0332,0.0583,0.378,0.12,0.583,111.292,3.461333333333333
It's Only Rock'n'Roll (But I Like It),Honk (Deluxe),2019,3,28,0.617,0.96,-3.971,0.0518,0.431,0.00109,0.138,0.786,128.396,5.136216666666667
Emotional Rescue,Honk (Deluxe),2019,1,28,0.679,0.627,-5.297,0.0594,0.121,0.0704,0.0379,0.785,113.393,5.674666666666667
Waiting On A Friend,Honk (Deluxe),2019,3,27,0.605,0.776,-6.275,0.0282,0.158,0.0191,0.33,0.904,116.92,4.5911
Just Your Fool,Honk (Deluxe),2019,3,22,0.533,0.898,-4.465,0.0586,0.303,0.327,0.233,0.818,116.193,2.306433333333333
Dancing With Mr. D,Honk (Deluxe),2019,3,28,0.56,0.9,-5.121,0.0352,0.523,0.733,0.22,0.89,106.11,4.88755
Streets Of Love,Honk (Deluxe),2019,2,38,0.438,0.558,-6.479,0.031,0.0438,5.41e-06,0.604,0.225,80.602,5.1546666666666665
Fool To Cry,Honk (Deluxe),2019,2,27,0.384,0.448,-7.397,0.043,0.9,0.0561,0.114,0.27,135.128,5.0986666666666665
Harlem Shuffle,Honk (Deluxe),2019,3,26,0.741,0.943,-3.682,0.0696,0.102,0.0561,0.18,0.746,121.752,3.42
Bitch - 2009 Mix,Honk (Deluxe),2019,3,19,0.656,0.973,-3.479,0.0367,0.232,0.19,0.137,0.974,135.903,3.628433333333333
Hot Stuff,Honk (Deluxe),2019,1,22,0.784,0.827,-5.384,0.0582,0.283,0.000599,0.0585,0.866,100.1,5.36635
Respectable,Honk (Deluxe),2019,3,19,0.452,0.985,-3.588,0.0532,0.0594,0.81,0.0674,0.903,152.156,3.1411
Undercover (Of The Night),Honk (Deluxe),2019,0,23,0.603,0.968,-5.021,0.178,0.0259,0.00772,0.375,0.375,122.732,4.5571
Hate To See You Go,Honk (Deluxe),2019,0,17,0.443,0.825,-5.216,0.118,0.372,0.497,0.143,0.378,184.656,3.3728833333333332
Out Of Control,Honk (Deluxe),2019,1,19,0.743,0.562,-7.876,0.0422,0.328,0.0532,0.278,0.684,122.217,4.758216666666667
Rock And A Hard Place,Honk (Deluxe),2019,3,20,0.596,0.96,-4.155,0.0493,0.00842,0.000115,0.1,0.836,129.066,5.414666666666666
Happy,Honk (Deluxe),2019,3,32,0.552,0.894,-3.835,0.0292,0.328,0.938,0.515,0.968,131.71,3.098883333333333
Out Of Tears,Honk (Deluxe),2019,2,18,0.393,0.448,-7.887,0.0291,0.376,0.00101,0.13,0.145,145.465,5.460666666666667
Rough Justice,Honk (Deluxe),2019,3,19,0.412,0.869,-4.179,0.0581,0.00405,6.9e-05,0.197,0.599,137.948,3.2044333333333332
You Got Me Rocking,Honk (Deluxe),2019,3,23,0.494,0.781,-4.527,0.0385,0.00133,0.0444,0.305,0.658,126.163,3.5955333333333335
Saint Of Me,Honk (Deluxe),2019,3,21,0.678,0.912,-5.776,0.0503,0.00465,0.0365,0.0903,0.481,121.504,5.264883333333334
One More Shot,Honk (Deluxe),2019,3,24,0.568,0.938,-4.737,0.0361,0.000158,0.664,0.0579,0.684,122.804,3.0473166666666667
"Get Off Of My Cloud - Live At Principality Stadium, Cardiff",Honk (Deluxe),2019,3,20,0.415,0.949,-4.453,0.0624,0.0521,0.000855,0.7,0.719,127.167,3.3444333333333334
"Dancing With Mr. D - Live At The Gelredome, Arnhem",Honk (Deluxe),2019,3,17,0.463,0.86,-5.475,0.0359,0.00226,0.00502,0.697,0.666,106.678,4.614
"Beast Of Burden - Live At Arrowhead Stadium, Kansas",Honk (Deluxe),2019,3,0,0.584,0.84,-5.385,0.0286,0.436,0.000419,0.463,0.785,112.308,4.273316666666667
"She's A Rainbow - Live At U Arena, Paris",Honk (Deluxe),2019,3,24,0.437,0.793,-5.255,0.0299,0.154,4.88e-05,0.92,0.414,102.988,3.3844333333333334
Wild Horses - Live At London Stadium,Honk (Deluxe),2019,2,35,0.425,0.734,-4.226,0.0318,0.23,2.77e-05,0.627,0.34,80.472,4.8231
"Let's Spend The Night Together - Live At Old Trafford Stadium, Manchester / 5.6.18",Honk (Deluxe),2019,0,19,0.416,0.908,-4.29,0.0587,0.0597,6.66e-05,0.893,0.461,132.43,4.082216666666667
"Dead Flowers - Live At Wells Fargo Center, Philadelphia",Honk (Deluxe),2019,0,23,0.476,0.98,-3.714,0.0731,0.313,8.1e-06,0.914,0.634,132.913,5.4111
"Shine A Light - Live At ArenA, Amsterdam",Honk (Deluxe),2019,3,19,0.383,0.72,-5.925,0.0303,0.175,0.0595,0.845,0.581,80.884,4.19955
Under My Thumb - Live At London Stadium,Honk (Deluxe),2019,3,22,0.634,0.887,-5.286,0.0324,0.27,0.00462,0.605,0.85,124.832,4.5131
"Bitch - Live At The Honda Center, Anaheim",Honk (Deluxe),2019,0,17,0.351,0.977,-3.308,0.0618,0.00765,0.627,0.898,0.485,137.389,5.264666666666667
Whoopi Goldberg Intro - Live,Voodoo Lounge Uncut (Live),2018,0,12,0.397,0.902,-12.418,0.624,0.92,0.367,0.94,0.0394,98.356,1.7124666666666666
Not Fade Away - Live,Voodoo Lounge Uncut (Live),2018,0,17,0.393,0.939,-8.853,0.271,0.409,0.544,0.965,0.446,101.056,4.31305
Tumbling Dice - Live,Voodoo Lounge Uncut (Live),2018,0,17,0.434,0.915,-6.968,0.0761,0.406,0.0757,0.973,0.423,117.337,4.819483333333333
You Got Me Rocking - Live,Voodoo Lounge Uncut (Live),2018,0,16,0.455,0.916,-8.238,0.0878,0.0977,0.0829,0.943,0.32,131.181,3.9270666666666667
Rocks Off - Live,Voodoo Lounge Uncut (Live),2018,0,15,0.286,0.935,-6.651,0.323,0.393,0.00439,0.808,0.279,148.049,5.43795
Sparks Will Fly - Live,Voodoo Lounge Uncut (Live),2018,0,13,0.32,0.954,-6.638,0.0986,0.074,0.00198,0.973,0.425,156.771,4.183116666666667
Live With Me - Live,Voodoo Lounge Uncut (Live),2018,0,14,0.333,0.944,-8.327,0.238,0.328,0.00407,0.984,0.338,150.889,5.012616666666666
(I Can't Get No) Satisfaction - Live,Voodoo Lounge Uncut (Live),2018,0,16,0.312,0.961,-6.426,0.129,0.269,0.261,0.964,0.345,150.904,6.829866666666667
Beast Of Burden - Live,Voodoo Lounge Uncut (Live),2018,3,17,0.643,0.811,-9.113,0.0578,0.168,0.014,0.913,0.647,106.932,5.77045
Angie - Live,Voodoo Lounge Uncut (Live),2018,2,17,0.361,0.6,-11.572,0.0833,0.597,7.88e-05,0.92,0.387,151.516,4.241233333333334
Dead Flowers - Live,Voodoo Lounge Uncut (Live),2018,2,16,0.492,0.844,-11.273,0.0553,0.383,0.0,0.965,0.567,135.145,4.179316666666667
Sweet Virginia - Live,Voodoo Lounge Uncut (Live),2018,2,16,0.295,0.74,-10.925,0.101,0.746,0.000341,0.978,0.357,104.294,5.797183333333333
Doo Doo Doo Doo Doo (Heartbreaker) - Live,Voodoo Lounge Uncut (Live),2018,0,13,0.465,0.925,-7.673,0.165,0.296,0.0272,0.822,0.402,120.153,4.003283333333333
It's All Over Now - Live,Voodoo Lounge Uncut (Live),2018,0,15,0.34,0.922,-8.405,0.154,0.23,0.076,0.749,0.343,185.161,4.6402
Stop Breakin' Down Blues - Live,Voodoo Lounge Uncut (Live),2018,0,12,0.527,0.875,-7.516,0.0971,0.387,0.00015,0.892,0.438,95.731,5.5627
Who Do You Love? - Live,Voodoo Lounge Uncut (Live),2018,0,12,0.462,0.979,-5.804,0.166,0.188,0.00216,0.702,0.427,110.203,4.352616666666667
I Go Wild - Live,Voodoo Lounge Uncut (Live),2018,0,11,0.469,0.908,-7.268,0.0892,0.127,0.00815,0.989,0.286,113.583,7.477833333333334
Miss You - Live,Voodoo Lounge Uncut (Live),2018,0,16,0.451,0.895,-8.068,0.15,0.154,0.0111,0.981,0.354,113.836,13.598116666666666
Honky Tonk Women - Live,Voodoo Lounge Uncut (Live),2018,3,16,0.507,0.937,-7.252,0.0708,0.0979,0.109,0.938,0.58,116.137,4.618016666666667
Before They Make Me Run - Live,Voodoo Lounge Uncut (Live),2018,0,11,0.335,0.906,-7.308,0.209,0.304,3.64e-05,0.959,0.386,133.843,4.7394
The Worst - Live,Voodoo Lounge Uncut (Live),2018,2,10,0.317,0.397,-16.556,0.0516,0.541,0.00558,0.438,0.345,139.798,3.44985
Sympathy For The Devil - Live,Voodoo Lounge Uncut (Live),2018,0,21,0.548,0.87,-7.14,0.0666,0.411,0.0,0.977,0.524,109.0,6.41945
Monkey Man - Live,Voodoo Lounge Uncut (Live),2018,3,12,0.519,0.902,-7.42,0.0632,0.119,0.233,0.683,0.411,106.939,4.443016666666667
Street Fighting Man - Live,Voodoo Lounge Uncut (Live),2018,0,13,0.3,0.909,-6.602,0.0553,0.0196,0.324,0.729,0.364,128.105,5.17735
Start Me Up - Live,Voodoo Lounge Uncut (Live),2018,0,14,0.498,0.963,-6.179,0.0854,0.104,0.186,0.964,0.593,129.729,4.391966666666667
It's Only Rock 'N' Roll (But I Like It) - Live,Voodoo Lounge Uncut (Live),2018,0,13,0.49,0.933,-6.584,0.101,0.254,0.0323,0.79,0.558,135.737,5.317083333333334
Brown Sugar - Live,Voodoo Lounge Uncut (Live),2018,0,13,0.399,0.967,-4.9,0.0831,0.0682,0.189,0.97,0.362,137.466,6.300416666666667
Jumpin’ Jack Flash - Live,Voodoo Lounge Uncut (Live),2018,0,14,0.3,0.947,-5.257,0.102,0.124,0.647,0.95,0.402,139.709,6.243083333333334
Whoopi Goldberg Intro - Live,Voodoo Lounge Uncut (Live),2018,0,10,0.397,0.902,-12.418,0.624,0.92,0.367,0.94,0.0394,98.356,1.7124666666666666
Not Fade Away - Live,Voodoo Lounge Uncut (Live),2018,0,12,0.393,0.939,-8.853,0.271,0.409,0.544,0.965,0.446,101.056,4.31305
Tumbling Dice - Live,Voodoo Lounge Uncut (Live),2018,0,11,0.434,0.915,-6.968,0.0761,0.406,0.0757,0.973,0.423,117.337,4.819483333333333
You Got Me Rocking - Live,Voodoo Lounge Uncut (Live),2018,0,11,0.455,0.916,-8.238,0.0878,0.0977,0.0829,0.943,0.32,131.181,3.9270666666666667
Rocks Off - Live,Voodoo Lounge Uncut (Live),2018,0,14,0.286,0.935,-6.651,0.323,0.393,0.00439,0.808,0.279,148.049,5.43795
Sparks Will Fly - Live,Voodoo Lounge Uncut (Live),2018,0,11,0.32,0.954,-6.638,0.0986,0.074,0.00198,0.973,0.425,156.771,4.183116666666667
Live With Me - Live,Voodoo Lounge Uncut (Live),2018,0,11,0.333,0.944,-8.327,0.238,0.328,0.00407,0.984,0.338,150.889,5.012616666666666
(I Can't Get No) Satisfaction - Live,Voodoo Lounge Uncut (Live),2018,0,9,0.312,0.961,-6.426,0.129,0.269,0.261,0.964,0.345,150.904,6.829866666666667
Beast Of Burden - Live,Voodoo Lounge Uncut (Live),2018,3,11,0.643,0.811,-9.113,0.0578,0.168,0.014,0.913,0.647,106.932,5.77045
Angie - Live,Voodoo Lounge Uncut (Live),2018,2,10,0.361,0.6,-11.572,0.0833,0.597,7.88e-05,0.92,0.387,151.516,4.241233333333334
Dead Flowers - Live,Voodoo Lounge Uncut (Live),2018,2,10,0.492,0.844,-11.273,0.0553,0.383,0.0,0.965,0.567,135.145,4.179316666666667
Sweet Virginia - Live,Voodoo Lounge Uncut (Live),2018,2,10,0.295,0.74,-10.925,0.101,0.746,0.000341,0.978,0.357,104.294,5.797183333333333
Doo Doo Doo Doo Doo (Heartbreaker) - Live,Voodoo Lounge Uncut (Live),2018,0,8,0.465,0.925,-7.673,0.165,0.296,0.0272,0.822,0.402,120.153,4.003283333333333
It's All Over Now - Live,Voodoo Lounge Uncut (Live),2018,0,9,0.34,0.922,-8.405,0.154,0.23,0.076,0.749,0.343,185.161,4.6402
Stop Breakin' Down Blues - Live,Voodoo Lounge Uncut (Live),2018,0,8,0.527,0.875,-7.516,0.0971,0.387,0.00015,0.892,0.438,95.731,5.5627
Who Do You Love? - Live,Voodoo Lounge Uncut (Live),2018,0,7,0.462,0.979,-5.804,0.166,0.188,0.00216,0.702,0.427,110.203,4.352616666666667
I Go Wild - Live,Voodoo Lounge Uncut (Live),2018,0,7,0.469,0.908,-7.268,0.0892,0.127,0.00815,0.989,0.286,113.583,7.477833333333334
Miss You - Live,Voodoo Lounge Uncut (Live),2018,0,9,0.451,0.895,-8.068,0.15,0.154,0.0111,0.981,0.354,113.836,13.598116666666666
Honky Tonk Women - Live,Voodoo Lounge Uncut (Live),2018,3,8,0.507,0.937,-7.252,0.0708,0.0979,0.109,0.938,0.58,116.137,4.618016666666667
Before They Make Me Run - Live,Voodoo Lounge Uncut (Live),2018,0,7,0.335,0.906,-7.308,0.209,0.304,3.64e-05,0.959,0.386,133.843,4.7394
The Worst - Live,Voodoo Lounge Uncut (Live),2018,2,7,0.317,0.397,-16.556,0.0516,0.541,0.00558,0.438,0.345,139.798,3.44985
Sympathy For The Devil - Live,Voodoo Lounge Uncut (Live),2018,0,9,0.548,0.87,-7.14,0.0666,0.411,0.0,0.977,0.524,109.0,6.41945
Monkey Man - Live,Voodoo Lounge Uncut (Live),2018,3,7,0.519,0.902,-7.42,0.0632,0.119,0.233,0.683,0.411,106.939,4.443016666666667
Street Fighting Man - Live,Voodoo Lounge Uncut (Live),2018,0,7,0.3,0.909,-6.602,0.0553,0.0196,0.324,0.729,0.364,128.105,5.17735
Start Me Up - Live,Voodoo Lounge Uncut (Live),2018,0,7,0.498,0.963,-6.179,0.0854,0.104,0.186,0.964,0.593,129.729,4.391966666666667
It's Only Rock 'N' Roll (But I Like It) - Live,Voodoo Lounge Uncut (Live),2018,0,7,0.49,0.933,-6.584,0.101,0.254,0.0323,0.79,0.558,135.737,5.317083333333334
Brown Sugar - Live,Voodoo Lounge Uncut (Live),2018,0,7,0.399,0.967,-4.9,0.0831,0.0682,0.189,0.97,0.362,137.466,6.300416666666667
Jumpin’ Jack Flash - Live,Voodoo Lounge Uncut (Live),2018,0,8,0.3,0.947,-5.257,0.102,0.124,0.647,0.95,0.402,139.709,6.243083333333334
Jumpin’ Jack Flash - Live,From The Vault: No Security - San Jose 1999 (Live),2018,0,20,0.298,0.976,-4.159,0.089,0.139,0.738,0.972,0.379,136.449,3.798
Bitch - Live,From The Vault: No Security - San Jose 1999 (Live),2018,0,18,0.367,0.979,-3.459,0.189,0.457,0.219,0.928,0.331,141.009,5.0431
You Got Me Rocking - Live,From The Vault: No Security - San Jose 1999 (Live),2018,0,15,0.377,0.962,-4.787,0.161,0.0935,0.0066,0.885,0.319,135.163,3.816
Respectable - Live,From The Vault: No Security - San Jose 1999 (Live),2018,0,14,0.273,0.991,-4.201,0.137,0.252,0.0531,0.961,0.153,146.011,3.7268833333333333
Honky Tonk Women - Live,From The Vault: No Security - San Jose 1999 (Live),2018,0,18,0.444,0.964,-4.739,0.106,0.202,0.00139,0.421,0.492,117.074,4.840883333333333
I Got The Blues - Live,From The Vault: No Security - San Jose 1999 (Live),2018,2,15,0.363,0.752,-6.694,0.0536,0.574,0.0449,0.942,0.353,76.132,3.7857666666666665
Saint Of Me - Live,From The Vault: No Security - San Jose 1999 (Live),2018,0,15,0.33,0.949,-4.731,0.187,0.268,0.0225,0.794,0.316,127.695,5.794216666666666
Some Girls - Live,From The Vault: No Security - San Jose 1999 (Live),2018,0,17,0.217,0.943,-4.932,0.125,0.34,0.00373,0.929,0.497,164.175,5.108216666666666
Paint It Black - Live,From The Vault: No Security - San Jose 1999 (Live),2018,0,17,0.224,0.969,-5.205,0.22,0.428,0.000178,0.944,0.137,156.751,8.983766666666666
You Got The Silver - Live,From The Vault: No Security - San Jose 1999 (Live),2018,2,17,0.282,0.67,-7.767,0.0499,0.642,3.31e-06,0.945,0.476,78.098,4.66755
Before They Make Me Run - Live,From The Vault: No Security - San Jose 1999 (Live),2018,0,13,0.252,0.951,-3.631,0.0622,0.331,3.58e-05,0.934,0.525,140.389,3.9466666666666668
Out Of Control - Live,From The Vault: No Security - San Jose 1999 (Live),2018,0,17,0.33,0.851,-4.562,0.0829,0.483,0.0222,0.978,0.348,121.496,7.3551
Route 66 - Live,From The Vault: No Security - San Jose 1999 (Live),2018,0,19,0.416,0.977,-5.239,0.219,0.37,0.0739,0.905,0.387,144.845,3.2262166666666667
Get Off Of My Cloud - Live,From The Vault: No Security - San Jose 1999 (Live),2018,0,17,0.426,0.982,-4.4,0.143,0.0555,0.0382,0.981,0.509,135.528,3.298
Midnight Rambler - Live,From The Vault: No Security - San Jose 1999 (Live),2018,0,15,0.334,0.936,-5.637,0.0859,0.412,0.733,0.969,0.393,143.72,12.228
Tumbling Dice - Live,From The Vault: No Security - San Jose 1999 (Live),2018,0,13,0.445,0.961,-4.963,0.0886,0.145,0.00256,0.988,0.473,119.199,4.6251
It's Only Rock 'n Roll - Live,From The Vault: No Security - San Jose 1999 (Live),2018,0,15,0.478,0.975,-4.751,0.113,0.183,0.023,0.683,0.42,137.074,5.6066666666666665
Start Me Up - Live,From The Vault: No Security - San Jose 1999 (Live),2018,3,14,0.44,0.971,-4.499,0.0777,0.24,0.731,0.914,0.698,131.139,4.075333333333333
Brown Sugar - Live,From The Vault: No Security - San Jose 1999 (Live),2018,0,14,0.372,0.978,-4.341,0.141,0.0278,0.107,0.97,0.255,136.245,7.682216666666666
Sympathy For The Devil - Live,From The Vault: No Security - San Jose 1999 (Live),2018,0,18,0.561,0.958,-5.278,0.0617,0.339,0.000831,0.97,0.631,107.872,8.90955
Come On - Saturday Club / 1963,On Air,2017,1,4,0.403,0.643,-10.393,0.0424,0.0156,1.24e-05,0.266,0.847,170.037,2.0497666666666667
(I Can't Get No) Satisfaction - Saturday Club / 1965,On Air,2017,1,6,0.649,0.744,-8.279,0.0279,0.00101,0.616,0.0758,0.77,136.687,3.7813333333333334
Roll Over Beethoven - Saturday Club / 1963,On Air,2017,1,5,0.657,0.73,-10.723,0.0313,0.198,1.38e-06,0.321,0.927,97.839,2.3237666666666668
The Spider And The Fly - Yeah Yeah / 1965,On Air,2017,1,4,0.683,0.633,-10.846,0.109,0.0301,0.782,0.109,0.892,111.757,3.236
Cops And Robbers - Blues In Rhythm / 1964,On Air,2017,2,5,0.692,0.538,-10.434,0.106,0.355,0.00269,0.446,0.464,113.791,3.7477666666666667
It's All Over Now - The Joe Loss Pop Show / 1964,On Air,2017,0,4,0.179,0.794,-8.237,0.0428,0.163,0.016,0.366,0.455,200.624,3.3131
Route 66 - Blues In Rhythm / 1964,On Air,2017,1,5,0.572,0.653,-11.11,0.0672,0.192,0.00121,0.477,0.912,157.356,2.5411
"Memphis, Tennessee - Saturday Club / 1963",On Air,2017,1,3,0.765,0.438,-11.582,0.0358,0.715,0.0,0.0837,0.948,96.359,2.3682166666666666
Down The Road Apiece - Top Gear / 1965,On Air,2017,1,3,0.618,0.812,-8.318,0.0598,0.0419,0.809,0.0465,0.881,85.983,2.0297666666666667
The Last Time - Top Gear / 1965,On Air,2017,3,4,0.371,0.797,-8.968,0.0544,0.0473,0.071,0.349,0.756,181.455,3.1762166666666665
Cry To Me - Saturday Club / 1965,On Air,2017,1,3,0.409,0.597,-9.651,0.0477,0.242,0.0227,0.106,0.839,186.877,3.12
"Mercy, Mercy - Yeah Yeah / 1965",On Air,2017,1,3,0.711,0.636,-9.935,0.0457,0.0495,0.674,0.0806,0.784,117.807,2.9108833333333335
Oh! Baby (We Got A Good Thing Goin’) - Saturday Club / 1965,On Air,2017,1,3,0.51,0.716,-9.858,0.0457,0.009,0.12,0.296,0.947,152.378,1.8213333333333332
Around And Around - Top Gear / 1964,On Air,2017,1,3,0.358,0.723,-8.688,0.0597,0.149,0.0691,0.0874,0.686,181.658,2.7604333333333333
Hi Heel Sneakers - Saturday Club / 1965,On Air,2017,3,2,0.277,0.813,-6.653,0.0413,0.0355,0.0664,0.257,0.68,160.87,1.9426666666666668
Fannie Mae - Saturday Club / 1965,On Air,2017,1,3,0.543,0.7,-8.144,0.0306,0.0225,0.867,0.108,0.944,142.334,2.1971
You Better Move On - Blues In Rhythm / 1964,On Air,2017,1,3,0.758,0.358,-13.116,0.0454,0.231,0.0273,0.306,0.566,114.685,2.7746666666666666
Mona - Blues In Rhythm / 1964,On Air,2017,2,4,0.771,0.483,-11.341,0.0429,0.569,0.0873,0.683,0.502,110.622,2.97355
Come On - Saturday Club / 1963,On Air (Deluxe),2017,1,24,0.403,0.643,-10.393,0.0424,0.0156,1.24e-05,0.266,0.847,170.037,2.0497666666666667
(I Can't Get No) Satisfaction - Saturday Club / 1965,On Air (Deluxe),2017,1,41,0.649,0.744,-8.279,0.0279,0.00101,0.616,0.0758,0.77,136.687,3.7813333333333334
Roll Over Beethoven - Saturday Club / 1963,On Air (Deluxe),2017,1,27,0.657,0.73,-10.723,0.0313,0.198,1.38e-06,0.321,0.927,97.839,2.3237666666666668
The Spider And The Fly - Yeah Yeah / 1965,On Air (Deluxe),2017,1,21,0.683,0.633,-10.846,0.109,0.0301,0.782,0.109,0.892,111.757,3.236
Cops And Robbers - Blues In Rhythm / 1964,On Air (Deluxe),2017,2,21,0.692,0.538,-10.434,0.106,0.355,0.00269,0.446,0.464,113.791,3.7477666666666667
It's All Over Now - The Joe Loss Pop Show / 1964,On Air (Deluxe),2017,0,18,0.179,0.794,-8.237,0.0428,0.163,0.016,0.366,0.455,200.624,3.3131
Route 66 - Blues In Rhythm / 1964,On Air (Deluxe),2017,1,28,0.572,0.653,-11.11,0.0672,0.192,0.00121,0.477,0.912,157.356,2.5411
"Memphis, Tennessee - Saturday Club / 1963",On Air (Deluxe),2017,1,19,0.765,0.438,-11.582,0.0358,0.715,0.0,0.0837,0.948,96.359,2.3682166666666666
Down The Road Apiece - Top Gear / 1965,On Air (Deluxe),2017,1,17,0.618,0.812,-8.318,0.0598,0.0419,0.809,0.0465,0.881,85.983,2.0297666666666667
The Last Time - Top Gear / 1965,On Air (Deluxe),2017,3,20,0.371,0.797,-8.968,0.0544,0.0473,0.071,0.349,0.756,181.455,3.1762166666666665
Cry To Me - Saturday Club / 1965,On Air (Deluxe),2017,1,18,0.409,0.597,-9.651,0.0477,0.242,0.0227,0.106,0.839,186.877,3.12
"Mercy, Mercy - Yeah Yeah / 1965",On Air (Deluxe),2017,1,16,0.711,0.636,-9.935,0.0457,0.0495,0.674,0.0806,0.784,117.807,2.9108833333333335
Oh! Baby (We Got A Good Thing Goin’) - Saturday Club / 1965,On Air (Deluxe),2017,1,16,0.51,0.716,-9.858,0.0457,0.009,0.12,0.296,0.947,152.378,1.8213333333333332
Around And Around - Top Gear / 1964,On Air (Deluxe),2017,1,16,0.358,0.723,-8.688,0.0597,0.149,0.0691,0.0874,0.686,181.658,2.7604333333333333
Hi Heel Sneakers - Saturday Club / 1965,On Air (Deluxe),2017,3,15,0.277,0.813,-6.653,0.0413,0.0355,0.0664,0.257,0.68,160.87,1.9426666666666668
Fannie Mae - Saturday Club / 1965,On Air (Deluxe),2017,1,16,0.543,0.7,-8.144,0.0306,0.0225,0.867,0.108,0.944,142.334,2.1971
You Better Move On - Blues In Rhythm / 1964,On Air (Deluxe),2017,1,20,0.758,0.358,-13.116,0.0454,0.231,0.0273,0.306,0.566,114.685,2.7746666666666666
Mona - Blues In Rhythm / 1964,On Air (Deluxe),2017,2,19,0.771,0.483,-11.341,0.0429,0.569,0.0873,0.683,0.502,110.622,2.97355
I Wanna Be Your Man - Saturday Club / 1964,On Air (Deluxe),2017,1,15,0.512,0.763,-6.923,0.0496,0.118,0.756,0.0983,0.695,82.189,1.8791
Carol - Saturday Club / 1964,On Air (Deluxe),2017,1,14,0.613,0.863,-8.592,0.0836,0.235,0.000264,0.0931,0.945,84.547,2.5271
I'm Moving On - The Joe Loss Pop Show / 1964,On Air (Deluxe),2017,3,13,0.361,0.932,-6.849,0.0638,0.14,0.00182,0.359,0.783,163.586,2.1142166666666666
If You Need Me - The Joe Loss Pop Show / 1964,On Air (Deluxe),2017,3,14,0.181,0.705,-7.225,0.0366,0.0278,3.03e-05,0.289,0.635,201.878,2.0204333333333335
Walking The Dog - Saturday Club / 1964,On Air (Deluxe),2017,1,15,0.692,0.52,-11.649,0.0386,0.0514,0.687,0.137,0.695,126.58,2.98755
Confessin' The Blues - The Joe Loss Pop Show / 1964,On Air (Deluxe),2017,3,14,0.246,0.82,-7.372,0.0459,0.0323,0.275,0.48,0.862,141.869,2.437333333333333
Everybody Needs Somebody To Love - Top Gear / 1965,On Air (Deluxe),2017,2,17,0.452,0.733,-9.367,0.101,0.414,0.0338,0.467,0.475,78.456,3.5726666666666667
Little By Little - The Joe Loss Pop Show / 1964,On Air (Deluxe),2017,3,13,0.314,0.783,-7.59,0.0428,0.116,0.0254,0.559,0.838,175.967,2.510666666666667
Ain't That Loving You Baby - Rhythm And Blues / BBC World Service / 1964,On Air (Deluxe),2017,1,13,0.708,0.636,-8.577,0.154,0.208,0.551,0.0777,0.749,82.327,1.9331
Beautiful Delilah - Saturday Club / 1964,On Air (Deluxe),2017,1,14,0.737,0.697,-8.819,0.0673,0.242,0.000219,0.106,0.962,108.819,2.1791
Crackin' Up - Top Gear / 1964,On Air (Deluxe),2017,1,14,0.617,0.571,-11.549,0.0411,0.451,0.0905,0.156,0.84,117.02,2.279333333333333
I Can't Be Satisfied - Top Gear / 1964,On Air (Deluxe),2017,1,13,0.563,0.568,-10.38,0.0249,0.0101,0.000706,0.173,0.96,97.912,2.510883333333333
I Just Want To Make Love To You - Saturday Club / 1964,On Air (Deluxe),2017,3,15,0.511,0.779,-7.122,0.0426,0.0193,0.719,0.273,0.752,125.223,2.2666666666666666
2120 South Michigan Avenue - Rhythm And Blues / BBC World Service / 1964,On Air (Deluxe),2017,1,17,0.591,0.609,-10.012,0.036,0.149,0.811,0.119,0.733,141.994,3.796
Start Me Up - Live,Sticky Fingers Live At The Fonda Theatre,2017,0,20,0.394,0.945,-3.806,0.0689,0.21,0.074,0.984,0.499,128.491,4.574883333333333
When The Whip Comes Down - Live,Sticky Fingers Live At The Fonda Theatre,2017,0,17,0.318,0.97,-4.007,0.0918,0.0623,0.0821,0.981,0.413,141.093,4.1731
All Down The Line - Live,Sticky Fingers Live At The Fonda Theatre,2017,0,16,0.33,0.938,-3.834,0.0575,0.00788,0.0613,0.963,0.505,141.378,4.9524333333333335
Sway - Live,Sticky Fingers Live At The Fonda Theatre,2017,0,20,0.189,0.875,-3.521,0.0475,0.173,0.0191,0.735,0.59,174.684,3.5217666666666667
Dead Flowers - Live,Sticky Fingers Live At The Fonda Theatre,2017,0,24,0.448,0.952,-4.349,0.0705,0.0484,1.97e-05,0.935,0.618,132.442,4.2431
Wild Horses - Live,Sticky Fingers Live At The Fonda Theatre,2017,2,23,0.364,0.702,-6.247,0.0293,0.273,4.43e-05,0.972,0.324,83.721,4.680666666666666
Sister Morphine - Live,Sticky Fingers Live At The Fonda Theatre,2017,0,20,0.233,0.756,-4.724,0.0558,0.339,0.00804,0.778,0.292,167.564,5.942433333333334
You Gotta Move - Live,Sticky Fingers Live At The Fonda Theatre,2017,2,16,0.323,0.771,-6.199,0.059,0.67,0.000179,0.944,0.378,74.609,3.6102166666666666
Bitch - Live,Sticky Fingers Live At The Fonda Theatre,2017,0,16,0.377,0.985,-2.68,0.0548,0.0901,0.0482,0.972,0.458,140.657,4.4542166666666665
Can't You Hear Me Knocking - Live,Sticky Fingers Live At The Fonda Theatre,2017,0,21,0.336,0.894,-3.829,0.0485,0.107,0.554,0.956,0.668,144.237,7.352433333333333
I Got The Blues - Live,Sticky Fingers Live At The Fonda Theatre,2017,0,19,0.351,0.636,-5.228,0.0361,0.232,0.00122,0.962,0.301,140.082,4.494666666666666
Moonlight Mile - Live,Sticky Fingers Live At The Fonda Theatre,2017,2,20,0.31,0.652,-5.891,0.0303,0.723,0.0415,0.644,0.159,74.503,4.6871
Brown Sugar - Live,Sticky Fingers Live At The Fonda Theatre,2017,0,18,0.372,0.967,-3.689,0.126,0.00917,0.0142,0.973,0.312,136.477,8.182666666666666
Rock Me Baby - Live,Sticky Fingers Live At The Fonda Theatre,2017,0,20,0.393,0.913,-3.203,0.0574,0.239,0.00158,0.773,0.444,100.689,4.524666666666667
Jumpin’ Jack Flash - Live,Sticky Fingers Live At The Fonda Theatre,2017,0,19,0.273,0.974,-3.278,0.0672,0.000825,0.223,0.904,0.456,137.997,4.790666666666667
I Can’t Turn You Loose - Live,Sticky Fingers Live At The Fonda Theatre,2017,0,15,0.407,0.966,-2.822,0.0594,0.024,0.0525,0.947,0.53,141.578,5.4111
Intro - Live,Ladies & Gentlemen (Live),2017,0,17,0.165,0.997,-10.224,0.132,0.247,0.0,0.913,0.0249,127.786,0.8
Brown Sugar - Live,Ladies & Gentlemen (Live),2017,3,24,0.384,0.86,-4.426,0.0339,0.0251,2.98e-05,0.516,0.794,138.518,3.2288833333333335
Bitch - Live,Ladies & Gentlemen (Live),2017,3,22,0.404,0.871,-5.118,0.0411,0.00537,0.0,0.63,0.828,142.464,4.764433333333334
Gimme Shelter - Live,Ladies & Gentlemen (Live),2017,0,25,0.394,0.866,-5.711,0.0371,0.0111,9.93e-05,0.816,0.437,132.926,4.84155
Dead Flowers - Live,Ladies & Gentlemen (Live),2017,3,25,0.45,0.785,-7.036,0.0318,0.0161,0.000598,0.504,0.57,138.648,4.050883333333333
Happy - Live,Ladies & Gentlemen (Live),2017,3,22,0.356,0.816,-5.552,0.0491,0.0211,0.000107,0.644,0.546,71.211,3.243333333333333
Tumbling Dice - Live,Ladies & Gentlemen (Live),2017,2,23,0.451,0.726,-6.991,0.0436,0.344,0.0144,0.223,0.412,111.422,5.35
Love In Vain - Live,Ladies & Gentlemen (Live),2017,2,22,0.299,0.446,-8.859,0.0291,0.407,0.0147,0.613,0.346,125.708,6.294433333333333
Sweet Virginia - Live,Ladies & Gentlemen (Live),2017,3,24,0.404,0.706,-6.276,0.0378,0.0812,1.86e-06,0.77,0.567,112.202,4.752883333333333
You Can’t Always Get What You Want - Live,Ladies & Gentlemen (Live),2017,0,26,0.361,0.677,-5.996,0.0316,0.052,2.59e-05,0.313,0.169,144.788,7.448433333333333
All Down The Line - Live,Ladies & Gentlemen (Live),2017,0,21,0.311,0.893,-5.124,0.0548,0.0682,0.616,0.385,0.423,148.583,4.782216666666667
Midnight Rambler - Live,Ladies & Gentlemen (Live),2017,0,14,0.22,0.8,-4.682,0.0628,0.0821,4.33e-05,0.953,0.429,77.862,12.029333333333334
Bye Bye Johnny - Live,Ladies & Gentlemen (Live),2017,3,21,0.367,0.872,-5.331,0.0725,0.00523,1.31e-05,0.9,0.616,76.626,4.530883333333334
Rip This Joint - Live,Ladies & Gentlemen (Live),2017,3,17,0.396,0.866,-5.595,0.0416,0.00475,0.412,0.732,0.804,99.532,2.54555
Jumpin' Jack Flash - Live,Ladies & Gentlemen (Live),2017,0,20,0.275,0.812,-4.521,0.0352,0.000362,0.00647,0.974,0.428,147.951,3.648
Street Fighting Man - Live,Ladies & Gentlemen (Live),2017,0,20,0.247,0.903,-4.885,0.0487,0.00887,4.25e-05,0.607,0.296,74.483,4.246
Just Your Fool,Blue & Lonesome,2016,3,42,0.547,0.903,-3.832,0.0579,0.329,0.216,0.388,0.842,116.152,2.2737666666666665
Commit A Crime,Blue & Lonesome,2016,3,33,0.563,0.802,-4.496,0.0311,0.23,0.667,0.534,0.777,124.123,3.6384333333333334
Blue And Lonesome,Blue & Lonesome,2016,2,35,0.341,0.833,-3.986,0.0551,0.697,0.0674,0.355,0.594,57.772,3.121766666666667
All Of Your Love,Blue & Lonesome,2016,2,33,0.429,0.683,-5.046,0.0327,0.459,0.462,0.272,0.277,75.68,4.778
I Gotta Go,Blue & Lonesome,2016,3,34,0.579,0.872,-3.102,0.0795,0.469,0.00286,0.087,0.505,120.033,3.4362166666666667
Everybody Knows About My Good Thing,Blue & Lonesome,2016,0,31,0.28,0.84,-3.497,0.0728,0.248,0.228,0.366,0.476,199.771,4.513766666666666
Ride 'Em On Down,Blue & Lonesome,2016,3,43,0.508,0.949,-4.203,0.0866,0.14,0.0149,0.376,0.726,116.004,2.8164333333333333
Hate To See You Go,Blue & Lonesome,2016,0,41,0.418,0.828,-5.173,0.122,0.399,0.669,0.146,0.376,184.436,3.346433333333333
Hoo Doo Blues,Blue & Lonesome,2016,3,31,0.461,0.74,-4.961,0.0387,0.358,0.138,0.301,0.597,70.003,2.614
Little Rain,Blue & Lonesome,2016,2,31,0.432,0.384,-6.894,0.0279,0.844,0.0471,0.102,0.168,94.38,3.5368833333333334
Just Like I Treat You,Blue & Lonesome,2016,3,30,0.59,0.905,-3.631,0.0424,0.303,0.00802,0.176,0.626,107.307,3.4108833333333335
I Can't Quit You Baby,Blue & Lonesome,2016,0,35,0.328,0.711,-5.037,0.0455,0.226,0.0172,0.0669,0.17,182.5,5.217333333333333
Jumpin' Jack Flash - Live,Havana Moon (Live),2016,0,28,0.316,0.969,-3.911,0.0757,0.0776,0.421,0.921,0.252,129.598,4.767516666666666
It's Only Rock 'N Roll (But I Like It) - Live,Havana Moon (Live),2016,3,26,0.496,0.964,-4.747,0.0671,0.177,0.00984,0.848,0.574,129.723,4.590166666666667
Tumbling Dice - Live,Havana Moon (Live),2016,0,22,0.404,0.932,-5.215,0.0687,0.159,0.0188,0.964,0.441,119.163,5.054566666666667
Out Of Control - Live,Havana Moon (Live),2016,0,29,0.476,0.787,-5.697,0.0533,0.43,0.0193,0.953,0.501,118.915,7.221416666666666
All Down The Line - Live,Havana Moon (Live),2016,0,20,0.38,0.944,-4.43,0.0721,0.0507,0.234,0.985,0.524,132.361,5.37915
Angie - Live,Havana Moon (Live),2016,0,26,0.318,0.69,-6.217,0.0305,0.238,0.000154,0.735,0.417,157.003,3.49665
Paint It Black - Live,Havana Moon (Live),2016,0,28,0.293,0.938,-4.385,0.0625,0.000278,0.159,0.968,0.397,137.09,5.5412
Honky Tonk Women - Live,Havana Moon (Live),2016,0,25,0.476,0.975,-4.198,0.0757,0.0172,0.0436,0.872,0.522,116.957,4.951833333333333
You Got The Silver - Live,Havana Moon (Live),2016,2,23,0.27,0.702,-8.098,0.0435,0.613,0.0,0.941,0.395,82.765,3.48945
Before They Make Me Run - Live,Havana Moon (Live),2016,3,20,0.39,0.937,-4.608,0.0602,0.102,0.000164,0.94,0.655,127.861,4.036816666666667
Midnight Rambler - Live,Havana Moon (Live),2016,0,22,0.281,0.9,-5.72,0.0804,0.185,0.145,0.918,0.342,129.685,15.49095
Miss You - Live,Havana Moon (Live),2016,3,22,0.476,0.884,-5.513,0.0455,0.185,0.0606,0.589,0.638,115.307,8.342516666666667
Gimme Shelter - Live,Havana Moon (Live),2016,0,30,0.457,0.872,-4.21,0.0339,0.0453,0.0335,0.678,0.241,114.645,8.083316666666667
Start Me Up - Live,Havana Moon (Live),2016,3,22,0.457,0.958,-3.563,0.0455,0.0989,0.0405,0.979,0.783,120.624,4.365866666666666
Sympathy For The Devil - Live,Havana Moon (Live),2016,3,27,0.614,0.929,-5.471,0.0446,0.405,0.109,0.954,0.551,107.978,7.920283333333333
Brown Sugar - Live,Havana Moon (Live),2016,0,21,0.438,0.97,-4.286,0.0915,0.00207,0.598,0.909,0.42,126.516,7.217216666666666
You Can’t Always Get What You Want - Live,Havana Moon (Live),2016,0,26,0.221,0.808,-5.817,0.0579,0.549,0.00206,0.815,0.344,174.927,8.959366666666666
(I Can't Get No) Satisfaction - Live,Havana Moon (Live),2016,0,28,0.341,0.974,-4.155,0.0848,0.0149,0.633,0.345,0.321,131.156,10.48245
Honky Tonk Women - Live,Totally Stripped - Brixton (Live),2016,0,17,0.401,0.984,-5.83,0.102,0.0016,0.000855,0.97,0.466,115.993,4.723333333333334
Tumbling Dice - Live,Totally Stripped - Brixton (Live),2016,0,15,0.37,0.957,-5.741,0.101,0.0039,9.44e-05,0.964,0.365,119.247,4.687333333333333
You Got Me Rockin’ - Live,Totally Stripped - Brixton (Live),2016,0,13,0.375,0.96,-5.768,0.0851,0.00159,0.0033,0.957,0.417,130.443,3.434
Live With Me - Live,Totally Stripped - Brixton (Live),2016,0,11,0.342,0.982,-5.73,0.0827,0.00228,0.000335,0.525,0.384,142.456,4.204
Black Limousine - Live,Totally Stripped - Brixton (Live),2016,0,14,0.356,0.936,-6.378,0.137,0.0528,0.00397,0.965,0.417,118.515,3.9877666666666665
Dead Flowers - Live,Totally Stripped - Brixton (Live),2016,0,15,0.456,0.958,-6.413,0.0671,0.351,0.0,0.895,0.539,136.371,4.30355
Sweet Virginia - Live,Totally Stripped - Brixton (Live),2016,0,14,0.385,0.901,-7.095,0.0886,0.351,2.88e-06,0.86,0.32,115.651,4.436883333333333
Faraway Eyes - Live,Totally Stripped - Brixton (Live),2016,2,15,0.385,0.73,-8.582,0.0418,0.514,1.94e-06,0.815,0.482,107.128,4.935333333333333
Love In Vain - Live,Totally Stripped - Brixton (Live),2016,2,12,0.316,0.62,-9.47,0.0354,0.576,0.000535,0.895,0.355,173.292,5.1971
Down In The Bottom - Live,Totally Stripped - Brixton (Live),2016,3,12,0.489,0.957,-6.391,0.0628,0.145,0.000587,0.945,0.7,119.84,3.466666666666667
Shine A Light - Live,Totally Stripped - Brixton (Live),2016,0,14,0.272,0.824,-6.699,0.0494,0.352,6.17e-05,0.768,0.414,84.185,4.688666666666666
Like A Rolling Stone - Live,Totally Stripped - Brixton (Live),2016,0,19,0.123,0.936,-5.012,0.0753,0.018,0.000203,0.971,0.449,204.066,5.878
Monkey Man - Live,Totally Stripped - Brixton (Live),2016,3,13,0.493,0.927,-5.094,0.0501,0.0654,0.0586,0.606,0.286,107.904,4.390216666666666
I Go Wild - Live,Totally Stripped - Brixton (Live),2016,0,10,0.415,0.957,-5.422,0.0988,0.00428,0.000133,0.895,0.373,113.367,6.6271
Miss You - Live,Totally Stripped - Brixton (Live),2016,0,14,0.458,0.93,-6.973,0.0929,0.198,0.00806,0.811,0.465,116.199,13.866
Connection - Live,Totally Stripped - Brixton (Live),2016,0,11,0.248,0.945,-5.967,0.132,0.129,0.0,0.889,0.381,159.571,3.560433333333333
Slipping Away - Live,Totally Stripped - Brixton (Live),2016,3,11,0.438,0.839,-6.812,0.0374,0.167,1.99e-06,0.901,0.564,104.953,5.838216666666667
Midnight Rambler - Live,Totally Stripped - Brixton (Live),2016,0,12,0.302,0.905,-6.156,0.0698,0.482,0.0077,0.961,0.364,144.478,9.582433333333332
Rip This Joint - Live,Totally Stripped - Brixton (Live),2016,0,9,0.426,0.991,-4.112,0.114,0.116,2.6e-05,0.972,0.376,103.58,2.324
Start Me Up - Live,Totally Stripped - Brixton (Live),2016,3,11,0.423,0.973,-4.911,0.0616,0.0597,0.00145,0.983,0.73,134.512,4.079766666666667
Brown Sugar - Live,Totally Stripped - Brixton (Live),2016,0,10,0.377,0.973,-4.874,0.129,0.00553,0.00604,0.977,0.393,139.801,5.362
Jumpin’ Jack Flash - Live,Totally Stripped - Brixton (Live),2016,0,11,0.274,0.978,-4.906,0.0913,0.00143,0.125,0.948,0.358,142.601,5.646883333333333
Not Fade Away - Live,Totally Stripped - Amsterdam (Live),2016,0,14,0.305,0.883,-7.689,0.0965,0.186,0.000641,0.971,0.665,105.933,3.3746666666666667
It's All Over Now - Live,Totally Stripped - Amsterdam (Live),2016,0,16,0.182,0.972,-5.927,0.191,0.0197,0.000106,0.865,0.173,190.049,3.8308833333333334
Live With Me - Live,Totally Stripped - Amsterdam (Live),2016,0,12,0.334,0.979,-5.366,0.15,0.0344,0.000308,0.96,0.168,144.285,4.328
Let It Bleed - Live,Totally Stripped - Amsterdam (Live),2016,3,14,0.475,0.897,-6.677,0.0519,0.218,1.46e-06,0.821,0.749,124.066,5.107766666666667
The Spider And The Fly - Live,Totally Stripped - Amsterdam (Live),2016,3,15,0.412,0.853,-6.793,0.0607,0.274,9.25e-05,0.708,0.527,107.327,3.724666666666667
Beast Of Burden - Live,Totally Stripped - Amsterdam (Live),2016,3,17,0.597,0.893,-6.658,0.036,0.365,0.000209,0.918,0.649,107.473,5.076666666666667
Angie - Live,Totally Stripped - Amsterdam (Live),2016,2,25,0.306,0.724,-8.128,0.0574,0.568,7.57e-06,0.714,0.381,75.019,4.15555
Wild Horses - Live,Totally Stripped - Amsterdam (Live),2016,2,16,0.388,0.602,-9.214,0.0325,0.458,4.43e-05,0.772,0.245,74.899,5.336666666666667
Sweet Virginia - Live,Totally Stripped - Amsterdam (Live),2016,0,14,0.373,0.867,-6.613,0.0852,0.303,8.41e-06,0.778,0.312,110.262,4.674
Dead Flowers - Live,Totally Stripped - Amsterdam (Live),2016,0,14,0.439,0.927,-6.678,0.0816,0.294,1.22e-05,0.946,0.74,137.863,4.820433333333333
Shine A Light - Live,Totally Stripped - Amsterdam (Live),2016,2,13,0.294,0.814,-6.652,0.0671,0.443,1.81e-05,0.696,0.348,80.387,5.096666666666667
Like A Rolling Stone - Live,Totally Stripped - Amsterdam (Live),2016,0,14,0.175,0.882,-6.051,0.0574,0.0563,0.0,0.786,0.385,203.954,5.986666666666666
Connection - Live,Totally Stripped - Amsterdam (Live),2016,0,13,0.224,0.881,-7.272,0.263,0.542,1.03e-05,0.943,0.154,167.237,6.4364333333333335
Slipping Away - Live,Totally Stripped - Amsterdam (Live),2016,0,11,0.204,0.805,-6.613,0.0649,0.0699,0.0,0.972,0.529,200.367,5.858883333333333
The Worst - Live,Totally Stripped - Amsterdam (Live),2016,2,10,0.42,0.67,-8.851,0.048,0.288,0.0,0.921,0.288,75.755,2.518666666666667
Gimme Shelter - Live,Totally Stripped - Amsterdam (Live),2016,0,19,0.4,0.965,-4.962,0.0493,0.0186,0.000147,0.819,0.212,108.806,6.7344333333333335
All Down The Line - Live,Totally Stripped - Amsterdam (Live),2016,0,12,0.21,0.962,-5.025,0.0888,0.0125,0.0132,0.958,0.452,153.486,4.4451
Respectable - Live,Totally Stripped - Amsterdam (Live),2016,0,11,0.301,0.972,-6.109,0.0665,0.0826,0.000751,0.939,0.366,160.848,2.851766666666667
Rip This Joint - Live,Totally Stripped - Amsterdam (Live),2016,0,9,0.203,0.97,-5.085,0.153,0.0986,6.51e-06,0.948,0.473,213.254,2.9466666666666668
Street Fighting Man - Live,Totally Stripped - Amsterdam (Live),2016,0,11,0.419,0.955,-6.293,0.0609,0.343,0.0309,0.968,0.442,127.869,4.6226666666666665
Not Fade Away - Live,Totally Stripped (Live),2016,0,25,0.304,0.881,-7.638,0.111,0.139,0.00121,0.967,0.675,132.722,3.196
Honky Tonk Woman - Live,Totally Stripped (Live),2016,0,29,0.356,0.962,-5.618,0.109,0.00317,0.000116,0.966,0.471,114.33,4.895766666666667
Dead Flowers - Live,Totally Stripped (Live),2016,3,23,0.443,0.957,-6.035,0.062,0.17,5.79e-06,0.924,0.727,138.067,4.0051
Faraway Eyes - Live,Totally Stripped (Live),2016,2,24,0.403,0.734,-8.656,0.041,0.496,1.15e-06,0.964,0.467,108.04,5.08755
Shine A Light - Live,Totally Stripped (Live),2016,0,23,0.26,0.834,-6.425,0.0703,0.4,3.3e-05,0.755,0.49,78.94,4.853766666666667
I Go Wild - Live,Totally Stripped (Live),2016,0,16,0.421,0.943,-5.353,0.0795,0.0296,1.12e-05,0.979,0.406,112.146,6.822216666666667
Miss You - Live,Totally Stripped (Live),2016,0,23,0.531,0.916,-6.405,0.0469,0.09,0.0155,0.964,0.663,116.173,9.654216666666667
Like A Rolling Stone - Live,Totally Stripped (Live),2016,0,34,0.181,0.873,-6.143,0.0638,0.0784,0.0,0.764,0.367,203.238,6.179766666666667
Brown Sugar - Live,Totally Stripped (Live),2016,0,19,0.348,0.973,-4.957,0.101,0.000665,0.000318,0.98,0.344,140.667,5.2122166666666665
Midnight Rambler - Live,Totally Stripped (Live),2016,0,23,0.338,0.889,-6.131,0.059,0.512,0.0143,0.958,0.419,126.278,9.162883333333333
Jumpin’ Jack Flash - Live,Totally Stripped (Live),2016,0,20,0.311,0.972,-5.126,0.0823,0.000541,0.00185,0.97,0.399,141.745,5.06
Gimme Shelter - Live,Totally Stripped (Live),2016,0,25,0.407,0.958,-5.106,0.0636,0.0239,0.000141,0.888,0.23,109.382,6.9791
Rip This Joint - Live,Totally Stripped (Live),2016,0,16,0.38,0.97,-5.146,0.101,0.0896,4.93e-06,0.942,0.417,105.544,2.93555
Street Fighting Man - Live,Totally Stripped (Live),2016,0,21,0.428,0.952,-6.505,0.0589,0.339,0.0163,0.952,0.431,127.876,4.854216666666667
Honky Tonk Women - Live,Totally Stripped - Paris (Live),2016,0,13,0.317,0.966,-6.203,0.12,0.0123,0.00082,0.979,0.271,114.845,6.179766666666667
Tumbling Dice - Live,Totally Stripped - Paris (Live),2016,0,13,0.372,0.931,-5.175,0.126,0.0634,5.89e-06,0.951,0.391,117.074,4.529333333333334
You Got Me Rockin’ - Live,Totally Stripped - Paris (Live),2016,0,11,0.368,0.917,-5.61,0.125,0.0018,9.55e-06,0.839,0.274,131.52,3.9782166666666665
All Down The Line - Live,Totally Stripped - Paris (Live),2016,0,11,0.172,0.969,-4.925,0.154,0.0229,0.000391,0.879,0.179,154.37,5.3133333333333335
Shattered - Live,Totally Stripped - Paris (Live),2016,0,10,0.262,0.964,-5.775,0.191,0.0108,0.0,0.937,0.395,149.416,4.8591
Beast Of Burden - Live,Totally Stripped - Paris (Live),2016,0,13,0.527,0.886,-6.401,0.0693,0.27,1.42e-05,0.966,0.539,111.124,5.91355
Let It Bleed - Live,Totally Stripped - Paris (Live),2016,3,11,0.519,0.947,-5.926,0.0703,0.298,4.91e-06,0.95,0.643,122.31,5.536
Angie - Live,Totally Stripped - Paris (Live),2016,2,12,0.375,0.711,-7.894,0.0405,0.563,1.86e-06,0.887,0.401,78.092,3.8937666666666666
Wild Horses - Live,Totally Stripped - Paris (Live),2016,2,13,0.411,0.614,-8.697,0.0337,0.56,1.26e-06,0.909,0.373,77.019,5.9671
Down In The Bottom - Live,Totally Stripped - Paris (Live),2016,0,9,0.423,0.916,-7.606,0.095,0.182,0.000182,0.913,0.552,121.704,3.9862166666666665
Shine A Light - Live,Totally Stripped - Paris (Live),2016,2,10,0.311,0.741,-8.602,0.0569,0.507,1.69e-06,0.75,0.464,82.32,5.467766666666667
Like A Rolling Stone - Live,Totally Stripped - Paris (Live),2016,3,13,0.356,0.895,-7.103,0.069,0.0406,1.44e-06,0.134,0.511,105.294,6.338216666666667
I Go Wild - Live,Totally Stripped - Paris (Live),2016,0,13,0.422,0.948,-5.595,0.0836,0.0335,1.4e-05,0.85,0.382,112.103,6.860216666666667
Miss You - Live,Totally Stripped - Paris (Live),2016,0,11,0.407,0.908,-6.806,0.118,0.154,0.000859,0.917,0.454,115.842,15.122883333333334
Connection - Live,Totally Stripped - Paris (Live),2016,0,8,0.218,0.932,-6.556,0.183,0.0481,0.0,0.724,0.289,162.855,4.032
Slipping Away - Live,Totally Stripped - Paris (Live),2016,3,8,0.447,0.8,-7.201,0.0511,0.229,6.55e-06,0.954,0.624,103.926,6.035333333333333
Midnight Rambler - Live,Totally Stripped - Paris (Live),2016,0,11,0.282,0.896,-6.55,0.108,0.101,0.000432,0.948,0.332,144.508,10.200666666666667
Rip This Joint - Live,Totally Stripped - Paris (Live),2016,0,7,0.442,0.99,-4.939,0.142,0.1,8.73e-06,0.982,0.218,105.699,2.494
Start Me Up - Live,Totally Stripped - Paris (Live),2016,3,10,0.48,0.955,-5.723,0.074,0.00446,1.13e-05,0.985,0.658,130.359,4.427333333333333
It's Only Rock N Roll (But I Like It) - Live,Totally Stripped - Paris (Live),2016,0,13,0.394,0.963,-5.732,0.0963,0.012,0.0,0.925,0.646,140.419,5.080433333333334
Brown Sugar - Live,Totally Stripped - Paris (Live),2016,0,10,0.268,0.962,-5.837,0.0995,0.013,0.00999,0.969,0.0774,140.575,7.03355
Jumpin’ Jack Flash - Live,Totally Stripped - Paris (Live),2016,0,10,0.243,0.972,-5.955,0.104,0.0174,0.0432,0.902,0.111,141.685,7.594666666666667
Show Intro - Live,Live 1965: Music From Charlie Is My Darling (Live From England/1965),2012,2,0,0.172,0.87,-18.104,0.0506,0.852,0.875,0.708,0.0,128.417,0.35
Everybody Needs Somebody To Love - Live,Live 1965: Music From Charlie Is My Darling (Live From England/1965),2012,0,16,0.409,0.973,-5.033,0.126,0.0309,0.199,0.295,0.348,166.601,0.5986666666666667
Pain In My Heart - Live In Ireland / 1965,Live 1965: Music From Charlie Is My Darling (Live From England/1965),2012,0,14,0.185,0.911,-6.811,0.0719,0.187,0.883,0.556,0.26,183.61,2.0584333333333333
Down The Road Apiece - Live,Live 1965: Music From Charlie Is My Darling (Live From England/1965),2012,0,15,0.395,0.973,-5.088,0.103,0.391,0.217,0.723,0.299,93.161,1.7191
Time Is On My Side - Live,Live 1965: Music From Charlie Is My Darling (Live From England/1965),2012,3,19,0.329,0.798,-4.926,0.0431,0.0206,0.933,0.694,0.311,97.839,2.854433333333333
I'm Alright - Live,Live 1965: Music From Charlie Is My Darling (Live From England/1965),2012,0,15,0.446,0.979,-6.229,0.113,0.159,0.668,0.833,0.299,117.201,2.2506666666666666
Off The Hook - Live,Live 1965: Music From Charlie Is My Darling (Live From England/1965),2012,3,15,0.444,0.933,-5.228,0.0733,0.0218,0.928,0.916,0.533,76.873,2.4506666666666668
Charlie's Intro To Little Red Rooster - Live,Live 1965: Music From Charlie Is My Darling (Live From England/1965),2012,0,11,0.266,0.961,-11.914,0.335,0.843,0.991,0.909,0.0321,69.859,0.5491
Little Red Rooster - Live,Live 1965: Music From Charlie Is My Darling (Live From England/1965),2012,3,15,0.44,0.918,-5.533,0.0788,0.00712,0.82,0.767,0.436,115.799,2.5933333333333333
Route 66 - Live,Live 1965: Music From Charlie Is My Darling (Live From England/1965),2012,0,17,0.234,0.967,-5.615,0.124,0.019,0.322,0.919,0.633,166.706,2.7386666666666666
I'm Moving On - Live,Live 1965: Music From Charlie Is My Darling (Live From England/1965),2012,0,11,0.124,0.917,-4.829,0.093,0.00343,0.945,0.62,0.304,163.352,2.476
The Last Time - Live,Live 1965: Music From Charlie Is My Darling (Live From England/1965),2012,0,18,0.219,0.925,-4.903,0.0559,0.000267,0.428,0.922,0.467,178.251,3.16
Everybody Needs Somebody To Love (Finale) - Live,Live 1965: Music From Charlie Is My Darling (Live From England/1965),2012,0,14,0.225,0.977,-5.949,0.33,0.107,0.714,0.746,0.193,88.765,4.1
You’re Gonna Miss Me When I’m Gone - Live,Live At The Checkerboard Lounge,2012,3,23,0.513,0.881,-6.142,0.0618,0.0114,0.0229,0.967,0.737,110.215,5.496433333333333
Sweet Little Angel - Live,Live At The Checkerboard Lounge,2012,3,21,0.313,0.708,-5.354,0.0333,0.0486,5.93e-05,0.652,0.688,170.123,3.6048833333333334
Flip Flop And Fly - Live,Live At The Checkerboard Lounge,2012,3,18,0.276,0.957,-4.688,0.0641,0.00743,0.0,0.196,0.808,198.193,1.83755
Introduction - Live,Live At The Checkerboard Lounge,2012,3,17,0.544,0.904,-7.789,0.138,0.0893,0.00895,0.398,0.447,117.116,1.7091
You Don't Have To Go - Live,Live At The Checkerboard Lounge,2012,3,26,0.505,0.683,-7.037,0.0298,0.218,0.0333,0.69,0.719,86.574,5.662433333333333
Country Boy - Live,Live At The Checkerboard Lounge,2012,0,18,0.381,0.729,-6.82,0.0393,0.216,0.0685,0.836,0.425,147.649,10.231766666666667
I’m A King Bee - Live,Live At The Checkerboard Lounge,2012,3,18,0.523,0.81,-6.851,0.0381,0.0878,0.0549,0.746,0.73,97.498,4.542216666666667
Trouble No More - Live,Live At The Checkerboard Lounge,2012,0,18,0.373,0.869,-6.411,0.0678,0.0882,4.76e-05,0.936,0.665,155.344,2.802
County Jail - Live,Live At The Checkerboard Lounge,2012,2,23,0.495,0.674,-6.912,0.0268,0.225,0.00218,0.907,0.498,79.515,4.887766666666667
Baby Please Don't Go - Live,Live At The Checkerboard Lounge,2012,0,37,0.357,0.876,-6.596,0.11,0.108,0.00355,0.949,0.617,155.178,11.01555
Hoochie Coochie Man - Live,Live At The Checkerboard Lounge,2012,0,27,0.354,0.701,-6.42,0.0524,0.26,5.49e-05,0.753,0.661,181.562,4.168666666666667
Long Distance Call - Live,Live At The Checkerboard Lounge,2012,0,20,0.362,0.672,-7.27,0.0844,0.544,3.04e-06,0.886,0.663,166.52,4.902666666666667
Mannish Boy - Live,Live At The Checkerboard Lounge,2012,0,25,0.33,0.735,-6.01,0.114,0.333,0.0,0.554,0.512,171.038,10.42355
Got My Mojo Workin' - Live,Live At The Checkerboard Lounge,2012,3,19,0.512,0.835,-5.757,0.135,0.248,1.88e-05,0.663,0.757,139.738,3.300666666666667
Next Time You See Me - Live,Live At The Checkerboard Lounge,2012,0,17,0.483,0.882,-5.079,0.0891,0.0785,0.0108,0.94,0.609,123.248,10.826433333333334
One Eyed Woman - Live,Live At The Checkerboard Lounge,2012,0,26,0.364,0.707,-6.841,0.085,0.119,0.00432,0.92,0.612,171.557,9.714
Baby Please Don't Go - Live / Instrumental,Live At The Checkerboard Lounge,2012,1,25,0.692,0.693,-8.231,0.0764,0.0969,0.0245,0.369,0.726,112.235,2.0011
Clouds In My Heart - Live,Live At The Checkerboard Lounge,2012,0,16,0.358,0.685,-6.037,0.0376,0.321,0.0578,0.784,0.725,173.597,6.37
Champagne And Reefer - Live,Live At The Checkerboard Lounge,2012,0,29,0.395,0.647,-7.352,0.0549,0.427,0.0003,0.842,0.542,172.317,5.888216666666667
Instrumental 1 - Live,Live At The Checkerboard Lounge,2012,0,15,0.401,0.904,-7.721,0.0721,0.0957,0.255,0.743,0.555,164.776,3.072216666666667
Instrumental 2 - Live,Live At The Checkerboard Lounge,2012,0,14,0.517,0.978,-7.116,0.13,0.0443,0.846,0.882,0.263,138.562,4.396216666666667
Introduction - Live,Live At The Checkerboard Lounge,2012,3,2,0.556,0.899,-7.949,0.137,0.113,0.00265,0.414,0.434,117.303,1.7482166666666668
You Don't Have To Go - Live,Live At The Checkerboard Lounge,2012,3,2,0.519,0.699,-7.124,0.0339,0.213,0.0394,0.713,0.71,86.427,5.729333333333333
Baby Please Don't Go - Live,Live At The Checkerboard Lounge,2012,0,2,0.357,0.872,-6.618,0.107,0.109,0.004,0.956,0.619,155.333,11.01555
Hoochie Coochie Man - Live,Live At The Checkerboard Lounge,2012,0,4,0.351,0.704,-6.605,0.0616,0.267,9.4e-05,0.715,0.648,179.988,4.3159833333333335
Long Distance Call - Live,Live At The Checkerboard Lounge,2012,2,6,0.354,0.679,-7.111,0.0611,0.558,4.78e-06,0.82,0.599,79.439,4.826216666666666
Mannish Boy - Live,Live At The Checkerboard Lounge,2012,0,1,0.325,0.727,-6.013,0.121,0.318,0.0,0.552,0.513,173.241,10.424666666666667
Got My Mojo Workin' - Live,Live At The Checkerboard Lounge,2012,3,2,0.507,0.856,-5.8,0.135,0.219,3.71e-05,0.642,0.748,139.831,3.300666666666667
Next Time You See Me - Live,Live At The Checkerboard Lounge,2012,0,0,0.484,0.884,-5.162,0.0987,0.0754,0.0126,0.569,0.603,123.344,11.005333333333333
One Eyed Woman - Live,Live At The Checkerboard Lounge,2012,0,2,0.368,0.695,-6.823,0.0744,0.14,0.00445,0.836,0.607,168.766,9.737766666666667
Clouds In My Heart - Live,Live At The Checkerboard Lounge,2012,3,2,0.361,0.689,-6.023,0.0378,0.304,0.0732,0.738,0.721,172.298,6.37
Champagne And Reefer - Live,Live At The Checkerboard Lounge,2012,2,7,0.396,0.731,-7.491,0.0782,0.399,0.00222,0.116,0.617,171.819,6.98155
Let It Rock - Live,Some Girls: Live In Texas '78,2011,0,23,0.377,0.981,-6.038,0.0866,0.00868,5.01e-05,0.881,0.69,152.886,2.2088833333333335
All Down The Line - Live,Some Girls: Live In Texas '78,2011,0,19,0.247,0.979,-5.309,0.101,0.0271,0.693,0.985,0.597,162.637,3.943766666666667
Honky Tonk Women - Live,Some Girls: Live In Texas '78,2011,3,21,0.364,0.963,-6.41,0.0524,0.0326,0.0136,0.964,0.682,117.981,3.638
Star Star - Live,Some Girls: Live In Texas '78,2011,0,19,0.224,0.981,-5.507,0.098,0.0176,0.0326,0.983,0.697,159.136,3.7924333333333333
When The Whip Comes Down - Live,Some Girls: Live In Texas '78,2011,0,20,0.226,0.99,-5.149,0.121,0.000209,0.087,0.984,0.555,154.706,5.2202166666666665
Beast Of Burden - Live,Some Girls: Live In Texas '78,2011,3,31,0.584,0.901,-6.107,0.0371,0.0303,0.156,0.907,0.669,108.123,6.481766666666666
Miss You - Live,Some Girls: Live In Texas '78,2011,3,24,0.47,0.949,-5.673,0.045,0.00252,0.475,0.93,0.829,117.158,8.59265
Just My Imagination - Live,Some Girls: Live In Texas '78,2011,0,22,0.294,0.962,-6.013,0.0808,0.000194,0.221,0.95,0.601,118.193,6.668216666666667
Shattered - Live,Some Girls: Live In Texas '78,2011,0,20,0.272,0.99,-5.202,0.173,0.00235,0.16,0.983,0.429,160.735,4.7491
Respectable - Live,Some Girls: Live In Texas '78,2011,0,18,0.227,0.991,-5.166,0.254,0.00517,0.16,0.99,0.167,167.919,3.387766666666667
Far Away Eyes - Live,Some Girls: Live In Texas '78,2011,2,20,0.313,0.635,-8.931,0.0442,0.256,0.0019,0.85,0.515,92.33,5.851766666666666
Love In Vain - Live,Some Girls: Live In Texas '78,2011,0,15,0.223,0.745,-5.445,0.0361,0.0253,0.133,0.87,0.496,168.968,4.896883333333333
Tumbling Dice - Live,Some Girls: Live In Texas '78,2011,0,19,0.384,0.98,-5.591,0.0897,0.00769,0.0751,0.853,0.555,119.366,4.648216666666666
Happy - Live,Some Girls: Live In Texas '78,2011,0,18,0.171,0.989,-4.568,0.164,0.00686,0.000475,0.904,0.382,157.806,3.2124333333333333
Sweet Little Sixteen - Live,Some Girls: Live In Texas '78,2011,0,20,0.272,0.948,-4.756,0.102,0.00199,0.00404,0.92,0.819,171.815,3.19155
Brown Sugar - Live,Some Girls: Live In Texas '78,2011,0,17,0.184,0.973,-4.176,0.0656,0.000497,0.275,0.954,0.6,156.605,3.240883333333333
Jumpin' Jack Flash - Live,Some Girls: Live In Texas '78,2011,0,18,0.122,0.989,-4.603,0.106,2.41e-05,0.673,0.942,0.289,159.883,6.254
Rough Justice - Remastered 2009,A Bigger Bang (2009 Re-Mastered),2005,3,32,0.41,0.891,-3.125,0.0581,0.00317,9.95e-05,0.202,0.559,137.976,3.1822166666666667
Let Me Down Slow - Remastered,A Bigger Bang (2009 Re-Mastered),2005,3,27,0.501,0.956,-3.432,0.0571,0.0225,0.000213,0.49,0.759,140.469,4.2522166666666665
It Won't Take Long - Remastered,A Bigger Bang (2009 Re-Mastered),2005,3,24,0.474,0.927,-3.579,0.068,0.0199,1.46e-05,0.113,0.576,117.37,3.916
Rain Fall Down - Remastered 2009,A Bigger Bang (2009 Re-Mastered),2005,3,39,0.651,0.862,-5.871,0.0565,0.00178,0.00856,0.104,0.5,98.013,4.8966666666666665
Streets Of Love - Remastered 2009,A Bigger Bang (2009 Re-Mastered),2005,2,45,0.434,0.603,-4.995,0.0312,0.0416,6.44e-06,0.653,0.213,81.755,5.1551
Back Of My Hand - Remastered,A Bigger Bang (2009 Re-Mastered),2005,2,24,0.488,0.674,-6.41,0.0431,0.654,0.000562,0.363,0.425,85.049,3.54
She Saw Me Coming - Remastered,A Bigger Bang (2009 Re-Mastered),2005,3,22,0.501,0.931,-2.386,0.0472,0.159,0.0,0.357,0.854,94.228,3.20955
Biggest Mistake - Remastered,A Bigger Bang (2009 Re-Mastered),2005,3,26,0.563,0.861,-3.343,0.0325,0.197,0.0,0.231,0.807,113.98,4.0911
This Place Is Empty - Remastered,A Bigger Bang (2009 Re-Mastered),2005,1,26,0.592,0.669,-6.291,0.0264,0.281,1.48e-06,0.185,0.51,90.209,3.278216666666667
"Oh No, Not You Again - Remastered",A Bigger Bang (2009 Re-Mastered),2005,3,23,0.48,0.984,-2.31,0.0937,0.0119,0.0,0.31,0.495,140.402,3.78
Dangerous Beauty - Remastered,A Bigger Bang (2009 Re-Mastered),2005,3,21,0.659,0.928,-3.308,0.0394,0.014,0.000288,0.348,0.624,110.524,3.802216666666667
"Laugh, I Nearly Died - Remastered",A Bigger Bang (2009 Re-Mastered),2005,1,41,0.723,0.606,-4.568,0.0359,0.142,6.87e-06,0.089,0.296,75.028,4.900666666666667
Sweet Neo Con - Remastered,A Bigger Bang (2009 Re-Mastered),2005,3,20,0.72,0.859,-3.696,0.0378,0.0684,0.000773,0.553,0.898,113.065,4.566
Look What The Cat Dragged In - Remastered,A Bigger Bang (2009 Re-Mastered),2005,3,21,0.506,0.98,-2.494,0.145,0.00885,0.00332,0.138,0.556,117.003,3.9544333333333332
Driving Too Fast - Remastered,A Bigger Bang (2009 Re-Mastered),2005,3,21,0.472,0.978,-2.529,0.0937,0.0211,0.0,0.268,0.657,142.332,3.9417666666666666
Infamy - Remastered,A Bigger Bang (2009 Re-Mastered),2005,1,21,0.7,0.706,-4.455,0.0384,0.349,0.0,0.0779,0.915,108.974,3.79555
"Brown Sugar - Live At Madison Square Garden, USA / 2003",Live Licks,2004,0,6,0.38,0.973,-4.67,0.121,0.0103,0.00723,0.837,0.361,139.155,3.838216666666667
"Street Fighting Man - Live At Twickenham, England / 2003",Live Licks,2004,0,6,0.236,0.987,-3.613,0.197,0.0556,0.534,0.988,0.173,143.969,3.7244333333333333
"Paint It Black - Live At Twickenham, England / 2003",Live Licks,2004,0,8,0.204,0.975,-4.064,0.107,0.0547,0.000772,0.994,0.263,156.466,3.7444333333333333
"You Can't Always Get What You Want - Live At Twickenham, England / 2003",Live Licks,2004,0,7,0.257,0.876,-5.065,0.0737,0.124,0.0104,0.998,0.444,174.889,6.763333333333334
"Start Me Up - Live At Madison Square Garden, USA / 2003",Live Licks,2004,0,7,0.466,0.985,-3.098,0.0963,0.139,0.0131,0.984,0.474,130.245,4.04
"It's Only Rock 'n' Roll (But I Like It) - Live At Madison Square Garden, USA / 2003",Live Licks,2004,0,6,0.382,0.979,-3.791,0.172,0.152,0.00344,0.975,0.481,140.622,4.9
"Angie - Live At Madison Square Garden, USA / 2003",Live Licks,2004,0,9,0.353,0.767,-5.451,0.0363,0.195,0.0,0.886,0.454,156.94,3.4862166666666665
"Honky Tonk Women - Live At Madison Square Garden, USA / 2003",Live Licks,2004,0,7,0.491,0.966,-4.005,0.087,0.332,1.28e-05,0.976,0.495,112.486,3.4048833333333333
"Happy - Live At Madison Square Garden, USA / 2003",Live Licks,2004,0,5,0.337,0.957,-3.287,0.104,0.0736,0.00175,0.955,0.583,136.411,3.62555
Gimme Shelter - Live Licks Tour,Live Licks,2004,0,10,0.402,0.971,-3.678,0.0696,0.253,0.00104,0.721,0.269,119.734,6.8373333333333335
"(I Can't Get No) Satisfaction - Live At Madison Square Garden, USA / 2003",Live Licks,2004,0,7,0.297,0.97,-3.571,0.056,0.024,0.00521,0.951,0.533,142.146,4.91555
"Neighbours - Live At Olympia, Paris, France / 2003",Live Licks,2004,0,3,0.286,0.978,-3.62,0.257,0.0463,0.0296,0.963,0.242,156.641,3.6811
"Monkey Man - Live At Madison Square Garden, USA / 2003",Live Licks,2004,0,6,0.394,0.946,-4.406,0.0599,0.0615,0.0135,0.771,0.262,100.917,3.6811
Rocks Off - Live Licks Tour,Live Licks,2004,0,4,0.356,0.986,-3.855,0.153,0.0757,0.000574,0.979,0.19,142.645,3.6966666666666668
"Can't You Hear Me Knocking - Live At The Wiltern Theatre, Los Angeles, USA / 2002",Live Licks,2004,0,8,0.402,0.882,-5.275,0.0413,0.0789,0.103,0.967,0.674,149.993,10.0371
"That's How Strong My Love Is - Live At Olympia, Paris, France / 2003",Live Licks,2004,0,4,0.302,0.835,-4.306,0.0762,0.292,0.000129,0.976,0.638,180.912,4.748433333333334
"The Nearness Of You - Live At Olympia, Paris, France / 2003",Live Licks,2004,2,3,0.328,0.575,-7.31,0.0276,0.429,2.31e-05,0.812,0.328,78.24,4.573766666666667
Beast Of Burden - Live Licks Tour,Live Licks,2004,3,6,0.561,0.921,-4.328,0.0393,0.126,2.61e-05,0.946,0.598,99.147,4.146216666666667
"When The Whip Comes Down - Live At Madison Square Garden, USA / 2003",Live Licks,2004,0,3,0.332,0.993,-3.196,0.213,0.0231,0.00645,0.957,0.199,149.355,4.474433333333334
"Rock Me, Baby - Live At The Wiltern Theatre, Los Angeles, USA / 2002",Live Licks,2004,0,3,0.316,0.928,-4.196,0.0819,0.277,7e-05,0.972,0.577,93.713,3.84
"You Don't Have To Mean It - Live At The Wiltern Theatre, Los Angeles, USA / 2002",Live Licks,2004,3,3,0.533,0.81,-6.048,0.045,0.0803,0.0,0.948,0.603,121.27,4.58
"Worried About You - Live At Olympia, Paris, France / 2003",Live Licks,2004,2,4,0.406,0.667,-6.574,0.0519,0.661,0.00055,0.468,0.299,92.191,6.014883333333334
"Everybody Needs Somebody To Love - Live At The Wiltern Theatre, Los Angeles, USA / 2002",Live Licks,2004,0,5,0.264,0.967,-3.668,0.231,0.293,0.000216,0.768,0.228,187.064,6.578883333333334
Neighbours - Live Licks Tour - 2009 Re-Mastered Digital Version,Live Licks,2004,0,18,0.292,0.985,-2.458,0.24,0.0462,0.0259,0.969,0.206,156.543,3.676
Monkey Man - Live Licks Tour - 2009 Re-Mastered Digital Version,Live Licks,2004,0,23,0.214,0.96,-3.1,0.0695,0.0702,0.0108,0.762,0.269,201.901,3.683333333333333
Rocks Off - Live Licks Tour - 2009 Re-Mastered Digital Version,Live Licks,2004,0,20,0.342,0.99,-2.457,0.158,0.0727,8.61e-05,0.964,0.193,142.616,3.697766666666667
Can't You Hear Me Knocking - Live Licks Tour - 2009 Re-Mastered Digital Version,Live Licks,2004,0,25,0.405,0.909,-3.834,0.0413,0.0611,0.109,0.98,0.656,149.819,10.038883333333333
That's How Strong My Love Is - Live Licks Tour - 2009 Re-Mastered Digital Version,Live Licks,2004,0,21,0.298,0.857,-3.417,0.0808,0.329,0.000267,0.976,0.637,181.995,4.748433333333334
The Nearness Of You - Live Licks Tour - 2009 Re-Mastered Digital Version,Live Licks,2004,2,18,0.328,0.589,-6.759,0.0291,0.412,6.31e-05,0.67,0.287,80.367,4.573766666666667
Beast Of Burden - Live Licks Tour - 2009 Re-Mastered Digital Version,Live Licks,2004,0,29,0.295,0.938,-3.148,0.0778,0.114,2.11e-05,0.927,0.605,197.808,4.144433333333334
When The Whip Comes Down - Live Licks Tour - 2009 Re-Mastered Digital Version,Live Licks,2004,0,16,0.304,0.995,-2.077,0.215,0.0196,0.0127,0.943,0.182,149.456,4.4751
"Rock Me, Baby - Live Licks Tour - 2009 Re-Mastered Digital Version",Live Licks,2004,0,20,0.258,0.937,-3.248,0.108,0.25,7.81e-05,0.964,0.593,191.234,3.8411
You Don't Have To Mean It - Live Licks Tour - 2009 Re-Mastered Digital Version,Live Licks,2004,3,17,0.533,0.86,-4.713,0.048,0.125,0.0,0.93,0.594,121.313,4.58
Worried About You - Live Licks Tour - 2009 Re-Mastered Digital Version,Live Licks,2004,2,20,0.386,0.735,-4.601,0.0525,0.666,0.000569,0.47,0.301,87.02,6.014883333333334
Everybody Needs Somebody To Love - Live Licks Tour - 2009 Re-Mastered Digital Version,Live Licks,2004,0,21,0.265,0.975,-2.452,0.208,0.344,1.6e-05,0.85,0.215,187.299,6.571766666666667
Brown Sugar - Live Licks Tour - 2009 Re-Mastered Digital Version,Live Licks,2004,0,24,0.374,0.982,-3.552,0.135,0.0321,0.0062,0.819,0.304,139.075,3.8371
Street Fighting Man - Live Licks Tour - 2009 Re-Mastered Digital Version,Live Licks,2004,0,22,0.232,0.991,-2.749,0.138,0.0664,0.639,0.979,0.178,144.031,3.7244333333333333
Paint It Black - Live Licks Tour - 2009 Re-Mastered Digital Version,Live Licks,2004,0,25,0.2,0.974,-3.546,0.118,0.0442,0.000844,0.989,0.295,158.729,3.7444333333333333
You Can't Always Get What You Want - Live Licks Tour - 2009 Re-Mastered Digital Version,Live Licks,2004,0,24,0.254,0.895,-3.8,0.0769,0.144,0.00626,0.994,0.461,172.848,6.7617666666666665
Start Me Up - Live Licks Tour - 2009 Re-Mastered Digital Version,Live Licks,2004,0,37,0.455,0.986,-2.159,0.0993,0.136,0.0175,0.98,0.518,130.301,4.0371
It's Only Rock 'n' Roll (But I Like It) - Live Licks Tour - 2009 Re-Mastered Digital Version,Live Licks,2004,0,23,0.372,0.982,-2.956,0.165,0.166,0.00569,0.973,0.488,140.288,4.904433333333333
Angie - Live Licks Tour - 2009 Re-Mastered Digital Version,Live Licks,2004,3,36,0.467,0.795,-4.69,0.0334,0.198,0.0,0.932,0.405,79.819,3.4862166666666665
Honky Tonk Women - Live Licks Tour - 2009 Re-Mastered Digital Version,Live Licks,2004,0,32,0.484,0.976,-2.907,0.0868,0.365,1.7e-05,0.967,0.508,112.469,3.4048833333333333
Happy - Live Licks Tour - 2009 Re-Mastered Digital Version,Live Licks,2004,0,21,0.331,0.953,-2.296,0.0717,0.0608,0.000535,0.958,0.58,136.351,3.6251
Gimme Shelter - Live Licks Tour - 2009 Re-Mastered Digital Version,Live Licks,2004,0,36,0.386,0.976,-2.631,0.0717,0.271,0.00143,0.717,0.235,119.666,6.837766666666667
(I Can't Get No) Satisfaction - Live Licks Tour / Remastered 2009,Live Licks,2004,0,36,0.29,0.979,-2.83,0.0634,0.0337,0.00367,0.956,0.53,142.111,4.91555
Flip The Switch,Bridges To Babylon,1997,3,21,0.384,0.908,-5.242,0.0509,0.000114,0.00235,0.296,0.603,163.147,3.4537666666666667
Anybody Seen My Baby?,Bridges To Babylon,1997,3,48,0.617,0.699,-5.123,0.0308,0.00325,0.00088,0.269,0.487,105.07,4.51955
Low Down,Bridges To Babylon,1997,3,20,0.485,0.932,-4.8,0.0468,0.0028,1.1e-05,0.106,0.652,116.247,4.4
Already Over Me,Bridges To Babylon,1997,2,20,0.484,0.47,-6.494,0.0251,0.115,0.000228,0.41,0.178,74.254,5.4011
Gunface,Bridges To Babylon,1997,3,18,0.501,0.892,-5.191,0.0554,0.000831,0.000394,0.0626,0.601,98.474,5.03555
You Don't Have To Mean It,Bridges To Babylon,1997,1,18,0.691,0.668,-7.205,0.0359,0.274,0.0,0.0866,0.899,129.724,3.7106666666666666
Out Of Control,Bridges To Babylon,1997,1,22,0.742,0.531,-8.681,0.0436,0.318,0.0373,0.558,0.736,122.221,4.724
Saint Of Me,Bridges To Babylon,1997,3,23,0.677,0.9,-6.565,0.049,0.00493,0.0663,0.0886,0.529,121.54,5.244433333333333
Might As Well Get Juiced,Bridges To Babylon,1997,3,16,0.478,0.888,-7.15,0.0743,0.00276,0.0588,0.18,0.571,169.245,5.388216666666667
Always Suffering,Bridges To Babylon,1997,2,17,0.317,0.492,-8.789,0.0317,0.223,6.59e-06,0.192,0.176,177.591,4.730666666666667
Too Tight,Bridges To Babylon,1997,3,18,0.338,0.899,-5.51,0.0464,0.000243,0.386,0.154,0.575,150.49,3.5611
Thief In The Night,Bridges To Babylon,1997,2,15,0.527,0.552,-8.38,0.0246,0.25,0.000797,0.349,0.589,90.529,5.264433333333334
How Can I Stop,Bridges To Babylon,1997,2,16,0.536,0.303,-11.531,0.027,0.676,0.00661,0.192,0.186,139.427,6.907333333333334
Flip The Switch - Remastered,Bridges To Babylon (Remastered),1997,3,31,0.388,0.928,-4.504,0.0495,0.000119,0.00162,0.364,0.594,163.15,3.4577666666666667
Anybody Seen My Baby? - Remastered,Bridges To Babylon (Remastered),1997,3,61,0.605,0.742,-4.363,0.0327,0.00286,0.00105,0.256,0.47,105.04,4.519333333333333
Low Down - Remastered,Bridges To Babylon (Remastered),1997,3,28,0.476,0.943,-4.058,0.0511,0.00296,7.76e-06,0.146,0.607,116.263,4.4051
Already Over Me - Remastered,Bridges To Babylon (Remastered),1997,2,30,0.48,0.481,-5.823,0.0259,0.142,0.000269,0.43,0.179,73.188,5.407766666666666
Gunface - Remastered,Bridges To Babylon (Remastered),1997,3,27,0.491,0.905,-4.511,0.0571,0.000932,0.000253,0.0578,0.618,98.459,5.03555
You Don't Have To Mean It - Remastered,Bridges To Babylon (Remastered),1997,1,27,0.683,0.681,-6.493,0.0386,0.275,0.0,0.0675,0.901,129.679,3.7304333333333335
Out Of Control,Bridges To Babylon (Remastered),1997,1,44,0.742,0.56,-7.905,0.0424,0.325,0.0378,0.538,0.715,122.202,4.730666666666667
Saint Of Me,Bridges To Babylon (Remastered),1997,3,43,0.671,0.918,-5.775,0.0504,0.0049,0.0443,0.0895,0.494,121.541,5.243766666666667
Might As Well Get Juiced - Remastered,Bridges To Babylon (Remastered),1997,3,25,0.467,0.905,-6.441,0.0785,0.00331,0.0504,0.195,0.565,169.387,5.38555
Always Suffering - Remastered,Bridges To Babylon (Remastered),1997,2,27,0.313,0.506,-8.054,0.0312,0.197,2.44e-06,0.197,0.161,175.849,4.73
Too Tight - Remastered,Bridges To Babylon (Remastered),1997,3,31,0.331,0.912,-4.828,0.0453,0.000294,0.367,0.127,0.582,150.397,3.5784333333333334
Thief In The Night - Remastered,Bridges To Babylon (Remastered),1997,2,27,0.517,0.565,-7.602,0.0245,0.282,0.000604,0.379,0.588,90.639,5.270433333333333
How Can I Stop - Remastered,Bridges To Babylon (Remastered),1997,2,27,0.546,0.314,-10.795,0.0262,0.705,0.00689,0.199,0.167,139.413,6.8933333333333335
Street Fighting Man - Live / Remastered 2009,Stripped,1995,3,28,0.464,0.976,-3.993,0.065,0.224,0.185,0.762,0.696,128.024,3.6766666666666667
Like A Rolling Stone - Live / Remastered 2009,Stripped,1995,0,43,0.214,0.943,-3.932,0.118,0.0176,0.000251,0.953,0.333,205.526,5.648883333333333
Not Fade Away - Live / Remastered 2009,Stripped,1995,1,26,0.665,0.799,-8.92,0.0301,0.141,0.485,0.43,0.969,95.451,3.1048833333333334
Shine A Light - Live / Remastered 2009,Stripped,1995,2,29,0.38,0.717,-6.265,0.0429,0.411,5.28e-05,0.841,0.451,83.325,4.636666666666667
The Spider And The Fly - Live / Remastered 2009,Stripped,1995,2,28,0.631,0.499,-11.745,0.0495,0.665,0.0145,0.352,0.567,92.735,3.4766666666666666
I'm Free - Live / Remastered 2009,Stripped,1995,1,30,0.719,0.717,-7.232,0.0329,0.264,6.31e-05,0.162,0.606,107.448,3.2111
Wild Horses - Live / Remastered 2009,Stripped,1995,2,35,0.566,0.47,-8.819,0.0281,0.551,2.57e-05,0.1,0.203,73.026,5.156666666666666
Let It Bleed - Live / Remastered 2009,Stripped,1995,3,29,0.628,0.943,-4.683,0.0426,0.332,7.6e-06,0.332,0.826,122.198,4.26555
Dead Flowers - Live / Remastered 2009,Stripped,1995,3,34,0.531,0.946,-5.249,0.0485,0.416,0.0,0.95,0.768,136.485,4.201766666666667
Slipping Away - Live / Remastered 2009,Stripped,1995,2,26,0.602,0.489,-9.814,0.0284,0.617,0.00208,0.106,0.533,94.471,4.919333333333333
Angie - Live / Remastered 2009,Stripped,1995,2,33,0.475,0.648,-6.889,0.0286,0.453,0.0,0.246,0.387,78.393,3.4822166666666665
Love In Vain - Live / Remastered 2009,Stripped,1995,2,26,0.48,0.434,-9.816,0.0289,0.434,0.0109,0.158,0.338,83.516,5.524
Sweet Virginia - Live / Remastered 2009,Stripped,1995,2,31,0.461,0.718,-6.209,0.0408,0.356,1.07e-05,0.182,0.387,110.22,4.260433333333333
Little Baby - Live / Remastered 2009,Stripped,1995,1,24,0.519,0.719,-7.218,0.0457,0.466,0.000878,0.237,0.861,141.392,4.008883333333333
"Street Fighting Man - Live In Amsterdam, Netherlands / 1995",Stripped,1995,3,9,0.461,0.973,-4.086,0.0649,0.224,0.175,0.914,0.693,128.066,3.6626666666666665
"Like A Rolling Stone - Live In London, England / 1995",Stripped,1995,0,14,0.454,0.938,-3.995,0.0531,0.0143,0.000236,0.941,0.372,101.745,5.648883333333333
"Not Fade Away - Live In Lisbon, Portugal / 1995",Stripped,1995,1,7,0.664,0.796,-8.985,0.0309,0.142,0.466,0.461,0.969,95.447,3.104
"Shine A Light - Live In Amsterdam, Netherlands / 1995",Stripped,1995,2,7,0.376,0.723,-6.363,0.0449,0.398,3.4e-05,0.821,0.465,80.686,4.638883333333333
"The Spider And The Fly - Live In Tokyo, Japan / 1995",Stripped,1995,2,7,0.634,0.491,-11.826,0.0512,0.698,0.0165,0.346,0.574,92.721,3.4748833333333335
"I'm Free - Live In Lisbon, Portugal / 1995",Stripped,1995,1,6,0.716,0.701,-7.352,0.0308,0.262,4.78e-05,0.257,0.633,107.449,3.2111
"Wild Horses - Live In Tokyo, Japan / 1995",Stripped,1995,2,14,0.543,0.473,-8.969,0.0286,0.58,3.28e-05,0.108,0.221,72.531,5.1562166666666664
"Let It Bleed - Live In Paris, France / 1995",Stripped,1995,3,7,0.638,0.944,-4.765,0.0426,0.36,6.82e-06,0.337,0.842,122.234,4.2511
"Dead Flowers - Live In London, England / 1995",Stripped,1995,3,9,0.534,0.937,-5.339,0.0494,0.421,0.0,0.975,0.82,136.384,4.216666666666667
"Slipping Away - Live In Tokyo, Japan / 1995",Stripped,1995,2,6,0.607,0.481,-9.955,0.028,0.646,0.00124,0.0856,0.546,94.412,4.919333333333333
"Angie - Live In Paris, France / 1995",Stripped,1995,2,10,0.455,0.642,-6.978,0.028,0.418,0.0,0.26,0.422,77.952,3.4817666666666667
"Love In Vain - Live In Tokyo, Japan / 1995",Stripped,1995,2,6,0.422,0.424,-9.928,0.032,0.421,0.0215,0.151,0.342,165.023,5.526
"Sweet Virginia - Live In Lisbon, Portugal / 1995",Stripped,1995,2,8,0.49,0.713,-6.317,0.0385,0.393,1.35e-05,0.213,0.443,110.198,4.2584333333333335
"Little Baby - Live In Tokyo, Japan / 1995",Stripped,1995,1,6,0.524,0.709,-7.37,0.0433,0.453,0.000604,0.16,0.863,141.346,4.0111
Love Is Strong,Voodoo Lounge (Remastered 2009),1994,3,53,0.53,0.855,-5.116,0.0461,0.0169,0.238,0.0628,0.511,110.14,3.814433333333333
You Got Me Rocking,Voodoo Lounge (Remastered 2009),1994,3,44,0.501,0.789,-3.633,0.0372,0.000947,0.0361,0.267,0.653,126.253,3.6022166666666666
Sparks Will Fly - Remastered,Voodoo Lounge (Remastered 2009),1994,3,32,0.426,0.956,-4.151,0.102,0.00589,0.00174,0.284,0.664,154.886,3.2577666666666665
The Worst - Remastered,Voodoo Lounge (Remastered 2009),1994,2,33,0.486,0.451,-10.86,0.033,0.147,0.000541,0.295,0.24,69.393,2.414433333333333
New Faces - Remastered,Voodoo Lounge (Remastered 2009),1994,1,30,0.531,0.48,-10.536,0.0268,0.357,0.0,0.333,0.664,110.446,2.8626666666666667
Moon Is Up - Remastered,Voodoo Lounge (Remastered 2009),1994,1,32,0.649,0.645,-8.184,0.0275,0.0808,0.171,0.161,0.559,116.135,3.6717666666666666
Out Of Tears,Voodoo Lounge (Remastered 2009),1994,2,42,0.388,0.472,-7.121,0.0285,0.378,0.000934,0.135,0.137,144.354,5.46
I Go Wild - Remastered,Voodoo Lounge (Remastered 2009),1994,3,31,0.482,0.975,-3.096,0.0977,0.0324,0.0199,0.31,0.47,108.974,4.4
Brand New Car - Remastered,Voodoo Lounge (Remastered 2009),1994,3,29,0.646,0.795,-6.344,0.0532,0.0117,0.000627,0.395,0.773,118.891,4.233333333333333
Sweethearts Together - Remastered,Voodoo Lounge (Remastered 2009),1994,1,30,0.667,0.574,-7.793,0.0271,0.0643,2.52e-05,0.153,0.632,127.325,4.760666666666666
Suck On The Jugular - Remastered,Voodoo Lounge (Remastered 2009),1994,3,27,0.477,0.896,-5.999,0.0644,0.0974,0.0526,0.0521,0.726,102.591,4.442216666666667
Blinded By Rainbows - Remastered,Voodoo Lounge (Remastered 2009),1994,2,37,0.332,0.472,-8.183,0.0424,0.688,0.000556,0.116,0.261,89.811,4.5651
Baby Break It Down - Remastered,Voodoo Lounge (Remastered 2009),1994,3,27,0.427,0.756,-5.732,0.0362,0.0859,2.97e-06,0.137,0.745,199.393,4.1371
Thru and Thru - Remastered,Voodoo Lounge (Remastered 2009),1994,2,38,0.386,0.316,-9.595,0.0308,0.722,1.22e-05,0.0862,0.191,83.51,6.0182166666666665
Mean Disposition - Remastered,Voodoo Lounge (Remastered 2009),1994,3,25,0.358,0.914,-5.723,0.051,0.126,0.379,0.203,0.83,183.848,4.141766666666666
Continental Drift - Live,Flashpoint,1991,2,0,0.296,0.735,-22.301,0.0469,0.0195,0.725,0.692,0.2,107.788,0.46155
"Start Me Up - Live At Death Valley Stadium, South Carolina, USA / 1989",Flashpoint,1991,3,7,0.548,0.988,-5.896,0.0629,0.138,0.522,0.986,0.826,132.508,3.9017666666666666
"Sad Sad Sad - Live At Atlantic City Convention Centre, USA / 1989",Flashpoint,1991,0,4,0.358,0.981,-6.299,0.0675,0.191,0.348,0.921,0.607,158.348,3.5511
"Miss You - Live At The Gatorbowl, Florida, USA / 1989",Flashpoint,1991,3,8,0.609,0.942,-7.152,0.0633,0.182,0.121,0.994,0.71,121.014,5.9171
"Rock And A Hard Place - Live At The Gatorbowl, Florida, USA / 1989",Flashpoint,1991,3,5,0.489,0.96,-6.331,0.0595,0.0518,0.00728,0.985,0.738,132.866,4.866216666666666
"Ruby Tuesday - Live At Korakuen Dome, Japan / 1990",Flashpoint,1991,2,6,0.456,0.757,-7.834,0.045,0.676,0.000455,0.977,0.376,107.81,3.5582166666666666
"You Can't Always Get What You Want - Live At The Gatorbowl, Florida, USA / 1989",Flashpoint,1991,2,7,0.377,0.817,-7.43,0.11,0.489,0.00242,0.431,0.431,83.343,7.428883333333333
"Factory Girl - Live At Wembley Stadium, England / 1990",Flashpoint,1991,3,5,0.425,0.867,-6.992,0.0403,0.276,0.0106,0.922,0.784,104.613,2.7951
"Can't Be Seen - Live At Death Valley Stadium, South Carolina, USA / 1989",Flashpoint,1991,0,3,0.325,0.972,-7.782,0.0624,0.0183,0.0133,0.829,0.594,155.801,4.284883333333333
"Little Red Rooster - Live At Atlantic City Convention Centre, USA / 1989",Flashpoint,1991,0,4,0.514,0.879,-6.382,0.0502,0.278,0.135,0.978,0.397,105.234,5.257766666666667
"Paint It Black - Live At Olympic Stadium, Barcelona, Spain / 1990",Flashpoint,1991,0,7,0.283,0.927,-7.551,0.0724,0.0144,0.793,0.985,0.37,160.68,4.038433333333334
"Sympathy For The Devil - Live At Korakuen Dome, Japan / 1990",Flashpoint,1991,0,8,0.61,0.959,-6.612,0.079,0.628,0.0355,0.989,0.404,110.151,5.582666666666666
"Brown Sugar - Live At Stadia Delle Alpi, Turin, Italy / 1990",Flashpoint,1991,3,4,0.47,0.978,-6.185,0.0673,0.0386,0.498,0.958,0.584,141.405,4.174
"Jumpin' Jack Flash - Live At Korakuen Dome, Tokyo, Japan / 1995",Flashpoint,1991,0,5,0.307,0.975,-7.157,0.106,0.0801,0.0177,0.986,0.408,148.824,4.993333333333333
"(I Can't Get No) Satisfaction - Live At Death Valley Stadium, South Carolina, USA / 1989",Flashpoint,1991,0,5,0.409,0.988,-7.793,0.112,0.0278,0.028,0.501,0.496,150.918,6.1433333333333335
Highwire,Flashpoint,1991,3,9,0.467,0.895,-6.673,0.0409,0.0244,0.00985,0.0591,0.815,126.7,4.77555
Sex Drive,Flashpoint,1991,3,8,0.602,0.923,-7.495,0.0693,0.00419,0.00242,0.304,0.927,109.735,4.46
Continental Drift - Live / Remastered 2009,Flashpoint,1991,2,2,0.272,0.774,-17.577,0.052,0.046,0.657,0.7,0.15,108.291,0.4711
Start Me Up - Live / Remastered 2009,Flashpoint,1991,3,32,0.515,0.994,-2.263,0.0843,0.163,0.62,0.99,0.794,132.773,3.89155
Sad Sad Sad - Live / Remastered 2009,Flashpoint,1991,0,25,0.325,0.995,-2.77,0.138,0.202,0.1,0.877,0.432,158.682,3.54555
Miss You - Live / Remastered 2009,Flashpoint,1991,3,34,0.58,0.981,-3.5,0.081,0.185,0.0464,0.992,0.628,121.229,5.90955
Rock And A Hard Place - Live / Remastered 2009,Flashpoint,1991,0,25,0.444,0.988,-2.471,0.143,0.056,0.0108,0.969,0.549,133.133,4.848216666666667
Ruby Tuesday - Live / Remastered 2009,Flashpoint,1991,2,29,0.446,0.878,-4.238,0.0469,0.704,0.00153,0.99,0.435,107.843,3.5577666666666667
You Can't Always Get What You Want - Live / Remastered 2009,Flashpoint,1991,0,33,0.325,0.906,-3.433,0.118,0.453,0.00188,0.419,0.402,83.009,7.42555
Factory Girl - Live / Remastered 2009,Flashpoint,1991,3,24,0.414,0.915,-4.406,0.0476,0.234,0.0178,0.891,0.737,104.567,2.7911
Can't Be Seen - Live / Remastered 2009,Flashpoint,1991,0,23,0.289,0.989,-4.417,0.125,0.0177,0.00313,0.795,0.489,155.806,4.2811
Little Red Rooster - Live / Remastered 2009,Flashpoint,1991,0,26,0.273,0.936,-4.675,0.213,0.221,0.112,0.977,0.375,209.566,5.253333333333333
Paint It Black - Live / Remastered 2009,Flashpoint,1991,0,33,0.267,0.962,-3.838,0.117,0.0128,0.689,0.988,0.347,160.804,4.030666666666667
Sympathy For The Devil - Live / Remastered 2009,Flashpoint,1991,0,32,0.581,0.986,-3.465,0.0991,0.63,0.0607,0.987,0.345,110.282,5.582216666666667
Brown Sugar - Live / Remastered 2009,Flashpoint,1991,0,25,0.428,0.991,-2.198,0.0783,0.0188,0.61,0.953,0.577,141.86,4.160433333333334
Jumpin' Jack Flash - Live / Remastered 2009,Flashpoint,1991,0,29,0.27,0.992,-3.098,0.215,0.169,0.193,0.982,0.284,148.846,4.986666666666666
(I Can't Get No) Satisfaction - Live / Remastered 2009,Flashpoint,1991,0,28,0.363,0.997,-3.797,0.195,0.0626,0.0916,0.511,0.384,150.87,6.14
Highwire - Live / Remastered 2009,Flashpoint,1991,3,26,0.442,0.942,-2.669,0.0472,0.0177,0.00274,0.0455,0.809,126.884,4.75955
Sex Drive - Live / Remastered 2009,Flashpoint,1991,3,21,0.609,0.973,-4.549,0.114,0.0345,0.00205,0.286,0.781,109.889,5.098433333333333
Sad Sad Sad - Remastered,Steel Wheels (Remastered 2009),1989,3,31,0.396,0.993,-3.815,0.0797,0.0105,0.533,0.579,0.531,152.268,3.594883333333333
Mixed Emotions,Steel Wheels (Remastered 2009),1989,3,45,0.493,0.956,-4.257,0.0429,0.0995,0.000295,0.83,0.831,137.091,4.6351
Terrifying - Remastered,Steel Wheels (Remastered 2009),1989,3,28,0.607,0.925,-5.484,0.0468,0.0273,0.0153,0.315,0.913,143.029,4.886666666666667
Hold On To Your Hat - Remastered,Steel Wheels (Remastered 2009),1989,0,23,0.24,0.984,-3.495,0.115,0.312,0.349,0.498,0.413,189.6,3.5393333333333334
Hearts For Sale - Remastered,Steel Wheels (Remastered 2009),1989,3,26,0.587,0.956,-4.613,0.0514,0.129,0.00193,0.337,0.606,123.577,4.682216666666666
Blinded By Love - Remastered,Steel Wheels (Remastered 2009),1989,1,26,0.633,0.769,-6.584,0.0247,0.0344,0.00035,0.124,0.767,112.096,4.616216666666666
Rock And A Hard Place,Steel Wheels (Remastered 2009),1989,3,38,0.598,0.957,-4.391,0.0451,0.00934,5.36e-05,0.0902,0.864,129.082,5.408216666666666
Can't Be Seen - Remastered,Steel Wheels (Remastered 2009),1989,3,36,0.507,0.973,-4.395,0.0374,0.0486,0.000356,0.351,0.867,142.408,4.16555
Almost Hear You Sigh - Remastered,Steel Wheels (Remastered 2009),1989,3,43,0.648,0.815,-5.391,0.0232,0.275,0.000193,0.076,0.759,102.259,4.624433333333333
Continental Drift - Remastered,Steel Wheels (Remastered 2009),1989,3,23,0.326,0.878,-7.672,0.0569,0.0123,0.383,0.307,0.756,127.125,5.2377666666666665
Break The Spell - Remastered,Steel Wheels (Remastered 2009),1989,3,21,0.422,0.918,-7.159,0.0453,0.0846,0.0149,0.379,0.78,193.076,3.1144333333333334
Slipping Away - Remastered,Steel Wheels (Remastered 2009),1989,3,38,0.562,0.762,-6.06,0.0256,0.215,1.05e-06,0.421,0.616,101.922,4.503333333333333
Sad Sad Sad,Steel Wheels,1989,3,16,0.427,0.978,-7.296,0.0544,0.0192,0.569,0.544,0.618,152.285,3.5933333333333333
Mixed Emotions,Steel Wheels,1989,3,20,0.548,0.882,-7.928,0.0326,0.223,0.00393,0.446,0.862,137.043,4.644
Terrifying,Steel Wheels,1989,1,16,0.646,0.818,-8.963,0.0422,0.0555,0.18,0.109,0.942,143.054,4.874433333333333
Hold On To Your Hat,Steel Wheels,1989,0,12,0.28,0.95,-8.253,0.0643,0.316,0.34,0.542,0.409,190.242,3.53555
Hearts For Sale,Steel Wheels,1989,1,15,0.653,0.822,-9.406,0.0404,0.237,0.0101,0.312,0.621,123.379,4.67
Blinded By Love,Steel Wheels,1989,1,14,0.708,0.514,-13.076,0.0258,0.0685,0.00237,0.0722,0.824,112.087,4.61555
Rock And A Hard Place,Steel Wheels,1989,1,18,0.638,0.875,-8.646,0.0369,0.013,0.00024,0.0542,0.911,129.09,5.4206666666666665
Can't Be Seen,Steel Wheels,1989,1,13,0.546,0.902,-8.659,0.0337,0.0577,0.000475,0.214,0.923,142.358,4.17
Almost Hear You Sigh,Steel Wheels,1989,1,26,0.725,0.56,-10.105,0.0245,0.491,0.00531,0.0261,0.762,102.548,4.62
Continental Drift,Steel Wheels,1989,1,12,0.387,0.672,-12.995,0.0405,0.138,0.385,0.248,0.815,127.098,5.228883333333333
Break The Spell,Steel Wheels,1989,1,10,0.526,0.772,-11.983,0.0399,0.18,0.0987,0.279,0.842,193.588,3.1262166666666666
Slipping Away,Steel Wheels,1989,1,15,0.623,0.462,-12.077,0.0297,0.355,1.84e-05,0.111,0.609,102.607,4.482216666666667
One Hit (To The Body),Dirty Work,1986,3,24,0.589,0.967,-3.799,0.0966,0.148,2.17e-05,0.598,0.607,138.353,4.73155
Fight,Dirty Work,1986,0,16,0.449,0.994,-2.701,0.0557,0.257,0.0819,0.93,0.451,157.88,3.1477666666666666
Harlem Shuffle,Dirty Work,1986,3,28,0.738,0.946,-3.473,0.0723,0.0944,0.0744,0.21,0.788,121.74,3.4071
Hold Back,Dirty Work,1986,3,15,0.492,0.997,-2.922,0.0995,0.00471,0.0056,0.361,0.449,144.511,3.8828833333333335
Too Rude,Dirty Work,1986,3,16,0.618,0.828,-5.245,0.0709,0.25,2.12e-05,0.0219,0.859,165.279,3.1771
Winning Ugly,Dirty Work,1986,3,16,0.506,0.932,-3.127,0.0934,0.383,0.0067,0.684,0.6,134.276,4.5277666666666665
Back To Zero,Dirty Work,1986,3,14,0.675,0.933,-4.49,0.0919,0.165,0.0106,0.0762,0.697,105.379,3.9926666666666666
Dirty Work,Dirty Work,1986,0,16,0.432,0.974,-4.048,0.178,0.0764,0.00285,0.0903,0.652,175.257,3.8811
Had It With You,Dirty Work,1986,0,17,0.512,0.986,-2.897,0.229,0.39,0.59,0.0597,0.398,169.018,3.3044333333333333
Sleep Tonight,Dirty Work,1986,2,15,0.486,0.664,-5.317,0.028,0.0623,5.94e-05,0.284,0.375,73.69,5.178433333333333
Key To The Highway - Piano Instrumental,Dirty Work,1986,2,12,0.563,0.141,-24.351,0.099,0.994,0.872,0.134,0.458,101.793,0.5577666666666666
One Hit (To The Body) - Remastered,Dirty Work (Remastered 2009),1986,3,39,0.586,0.964,-3.767,0.0944,0.153,2.17e-05,0.688,0.61,138.293,4.73155
Fight - Remastered,Dirty Work (Remastered 2009),1986,0,18,0.456,0.994,-2.688,0.0543,0.283,0.0476,0.912,0.452,157.696,3.1477666666666666
Harlem Shuffle - Remastered 2009,Dirty Work (Remastered 2009),1986,3,49,0.742,0.94,-3.485,0.0756,0.0866,0.0279,0.319,0.782,121.747,3.4071
Hold Back - Remastered,Dirty Work (Remastered 2009),1986,0,17,0.5,0.997,-2.917,0.11,0.00403,0.00244,0.368,0.439,144.529,3.8828833333333335
Too Rude - Remastered,Dirty Work (Remastered 2009),1986,3,20,0.614,0.825,-5.253,0.0689,0.25,2.95e-05,0.0231,0.878,164.866,3.1771
Winning Ugly - Remastered,Dirty Work (Remastered 2009),1986,3,20,0.512,0.93,-3.117,0.0939,0.359,0.00733,0.689,0.592,134.304,4.5277666666666665
Back To Zero - Remastered,Dirty Work (Remastered 2009),1986,3,17,0.677,0.936,-4.452,0.0985,0.17,0.0102,0.0767,0.696,105.399,3.9926666666666666
Dirty Work - Remastered,Dirty Work (Remastered 2009),1986,0,20,0.429,0.974,-4.027,0.178,0.0779,0.00724,0.0808,0.609,175.237,3.8811
Had It With You - Remastered,Dirty Work (Remastered 2009),1986,0,18,0.506,0.985,-2.893,0.223,0.38,0.377,0.0744,0.444,169.355,3.3044333333333333
Sleep Tonight - Remastered,Dirty Work (Remastered 2009),1986,2,20,0.49,0.67,-5.286,0.0281,0.0603,2.91e-05,0.297,0.386,73.884,5.178433333333333
Key To The Highway - Piano Instrumental/Remastered 2009,Dirty Work (Remastered 2009),1986,2,16,0.46,0.142,-24.408,0.173,0.994,0.827,0.138,0.444,154.259,0.5577666666666666
Undercover Of The Night - Remastered,Undercover,1983,1,34,0.63,0.873,-10.619,0.0886,0.0193,0.0312,0.506,0.474,122.868,4.54155
She Was Hot,Undercover,1983,3,24,0.5,0.904,-9.178,0.0485,0.0212,0.0865,0.284,0.665,151.778,4.6866666666666665
Tie You Up (The Pain Of Love),Undercover,1983,1,15,0.609,0.858,-9.093,0.0621,0.231,0.00745,0.475,0.882,117.271,4.254433333333333
Wanna Hold You,Undercover,1983,1,16,0.51,0.863,-10.668,0.0505,0.181,0.00139,0.45,0.769,77.827,3.87155
Feel On Baby,Undercover,1983,1,13,0.727,0.633,-13.189,0.0401,0.0645,0.253,0.0657,0.963,130.971,5.116216666666666
Too Much Blood,Undercover,1983,1,23,0.598,0.796,-10.598,0.0502,0.0178,0.176,0.0496,0.563,116.343,6.242216666666667
Pretty Beat Up,Undercover,1983,1,13,0.581,0.848,-9.881,0.0354,0.0946,0.674,0.209,0.734,97.352,4.068883333333333
Too Tough,Undercover,1983,1,14,0.551,0.856,-9.721,0.0432,0.0118,0.0753,0.383,0.643,139.662,3.862216666666667
All The Way Down,Undercover,1983,1,14,0.578,0.861,-9.917,0.0578,0.213,0.804,0.426,0.778,142.874,3.212666666666667
It Must Be Hell,Undercover,1983,1,14,0.624,0.775,-9.074,0.0436,0.16,0.714,0.38,0.82,114.447,5.0711
Undercover (Of The Night) - Remastered 2009,Undercover (2009 Re-Mastered),1983,0,42,0.603,0.973,-4.454,0.176,0.0272,0.00731,0.472,0.408,122.756,4.558216666666667
She Was Hot - Remastered,Undercover (2009 Re-Mastered),1983,3,31,0.487,0.966,-4.29,0.0577,0.0314,0.0949,0.0914,0.721,151.781,4.686216666666667
Tie You Up (The Pain Of Love) - Remastered,Undercover (2009 Re-Mastered),1983,3,21,0.61,0.946,-4.487,0.0884,0.232,0.013,0.372,0.82,117.339,4.2682166666666665
Wanna Hold You - Remastered,Undercover (2009 Re-Mastered),1983,3,22,0.441,0.959,-4.508,0.113,0.244,0.000873,0.431,0.727,154.861,3.8722166666666666
Feel On Baby - Remastered,Undercover (2009 Re-Mastered),1983,1,19,0.72,0.817,-6.554,0.0405,0.0663,0.219,0.0608,0.966,131.006,5.114433333333333
Too Much Blood - Remastered,Undercover (2009 Re-Mastered),1983,3,35,0.592,0.909,-5.887,0.0512,0.0148,0.177,0.0571,0.479,116.439,6.237333333333333
Pretty Beat Up - Remastered,Undercover (2009 Re-Mastered),1983,3,20,0.565,0.951,-3.804,0.0393,0.0623,0.657,0.273,0.737,97.337,4.076666666666667
Too Tough - Remastered,Undercover (2009 Re-Mastered),1983,3,20,0.542,0.947,-4.611,0.0453,0.0131,0.0706,0.48,0.641,139.708,3.862216666666667
All The Way Down - Remastered,Undercover (2009 Re-Mastered),1983,3,21,0.572,0.949,-4.83,0.0801,0.21,0.776,0.398,0.806,142.84,3.2222166666666667
It Must Be Hell - Remastered,Undercover (2009 Re-Mastered),1983,3,20,0.602,0.912,-4.309,0.0596,0.156,0.716,0.351,0.726,114.406,5.078216666666667
Intro (Take The A Train) - Live / Remastered 2009,Still Life,1982,2,1,0.318,0.532,-8.893,0.158,0.483,0.347,0.973,0.409,81.407,0.4548833333333333
Under My Thumb - Live / Remastered 2009,Still Life,1982,0,31,0.477,0.982,-3.343,0.0945,0.13,0.372,0.928,0.549,137.204,4.30665
Let's Spend The Night Together - Live / Remastered 2009,Still Life,1982,0,27,0.356,0.971,-3.124,0.0792,0.16,0.0055,0.957,0.546,155.067,3.844
Shattered - Live / Remastered 2009,Still Life,1982,0,20,0.418,0.985,-2.902,0.16,0.163,0.0136,0.998,0.502,161.333,4.182666666666667
Twenty Flight Rock - Live / Remastered 2009,Still Life,1982,3,20,0.533,0.983,-3.487,0.0892,0.252,0.045,0.95,0.641,106.603,1.7884333333333333
Going To A Go-Go - Live / Remastered 2009,Still Life,1982,3,27,0.616,0.973,-3.431,0.0538,0.212,0.151,0.869,0.893,128.09,3.3844333333333334
Let Me Go - Live / Remastered 2009,Still Life,1982,0,19,0.194,0.991,-3.344,0.118,0.0424,0.354,0.818,0.666,185.925,3.6026666666666665
Time Is On My Side - Live / Remastered 2009,Still Life,1982,0,24,0.233,0.814,-4.203,0.043,0.404,4.13e-05,0.879,0.565,167.776,3.6422166666666667
Just My Imagination (Running Away With Me) - Live / Remastered 2009,Still Life,1982,0,21,0.348,0.943,-3.283,0.0745,0.0247,0.000173,0.997,0.724,117.936,5.373333333333333
Start Me Up - Live / Remastered 2009,Still Life,1982,0,20,0.425,0.985,-2.163,0.111,0.101,0.0316,0.974,0.628,133.004,4.352883333333334
(I Can't Get No) Satisfaction - Live / Remastered 2009,Still Life,1982,0,20,0.242,0.995,-1.961,0.133,0.0619,0.0105,0.979,0.392,166.209,4.404433333333333
Outro - Star Spangled Banner - Live / Remastered 2009,Still Life,1982,0,15,0.153,0.989,-4.348,0.19,0.865,0.941,0.962,0.0369,134.689,0.8044333333333333
Start Me Up - Remastered,Tattoo You,1981,1,34,0.66,0.839,-8.056,0.0344,0.0672,0.307,0.074,0.968,122.592,3.5277666666666665
Hang Fire,Tattoo You,1981,1,25,0.469,0.788,-9.172,0.0303,0.0178,0.183,0.273,0.953,151.927,2.3471
Slave,Tattoo You,1981,1,27,0.562,0.814,-9.087,0.0396,0.163,0.482,0.0467,0.863,133.219,6.539333333333333
Little T&A,Tattoo You,1981,1,26,0.534,0.801,-9.152,0.0271,0.266,0.62,0.398,0.866,136.241,3.3888833333333332
Black Limousine,Tattoo You,1981,3,21,0.521,0.784,-8.591,0.0463,0.129,0.146,0.647,0.899,109.84,3.518883333333333
Neighbours,Tattoo You,1981,3,21,0.432,0.861,-8.952,0.0568,0.187,0.00371,0.296,0.821,166.389,3.5182166666666665
Worried About You,Tattoo You,1981,2,24,0.435,0.47,-12.104,0.0328,0.153,0.00044,0.0792,0.353,82.544,5.283766666666667
Tops,Tattoo You,1981,1,26,0.613,0.62,-10.272,0.0354,0.141,2.29e-05,0.0997,0.759,80.573,3.75555
Heaven,Tattoo You,1981,2,30,0.616,0.398,-11.664,0.0373,0.229,0.0521,0.202,0.115,114.457,4.349316666666667
No Use In Crying,Tattoo You,1981,2,24,0.622,0.377,-9.393,0.0398,0.628,0.00144,0.261,0.393,143.767,3.40955
Waiting On A Friend - Remastered,Tattoo You,1981,1,26,0.603,0.656,-10.305,0.0286,0.128,0.167,0.532,0.903,117.025,4.566216666666667
Start Me Up - Remastered 2009,Tattoo You (2009 Re-Mastered),1981,3,76,0.631,0.932,-4.142,0.0354,0.0436,0.137,0.0918,0.971,122.429,3.5511
Hang Fire - Remastered,Tattoo You (2009 Re-Mastered),1981,3,44,0.461,0.906,-4.369,0.0356,0.0299,0.0104,0.319,0.939,152.206,2.35155
Slave - Remastered,Tattoo You (2009 Re-Mastered),1981,3,43,0.564,0.862,-6.398,0.0428,0.115,0.308,0.0493,0.847,133.242,6.546666666666667
Little T&A - Remastered,Tattoo You (2009 Re-Mastered),1981,3,45,0.53,0.888,-5.128,0.0282,0.132,0.0321,0.425,0.833,136.123,3.386216666666667
Black Limousine - Remastered,Tattoo You (2009 Re-Mastered),1981,3,36,0.511,0.892,-4.701,0.0588,0.152,0.262,0.638,0.869,108.959,3.5337666666666667
Neighbours - Remastered,Tattoo You (2009 Re-Mastered),1981,3,35,0.431,0.94,-5.868,0.0775,0.17,0.00155,0.315,0.759,166.156,3.5244333333333335
Worried About You - Remastered,Tattoo You (2009 Re-Mastered),1981,2,39,0.428,0.636,-6.891,0.033,0.105,0.000923,0.0865,0.374,85.121,5.292666666666666
Tops - Remastered,Tattoo You (2009 Re-Mastered),1981,1,41,0.599,0.715,-7.107,0.0429,0.108,4.75e-05,0.0834,0.714,80.541,3.77955
Heaven - Remastered,Tattoo You (2009 Re-Mastered),1981,2,55,0.617,0.459,-9.292,0.0368,0.222,0.0415,0.285,0.119,114.497,4.373333333333333
No Use In Crying - Remastered,Tattoo You (2009 Re-Mastered),1981,2,38,0.636,0.455,-6.493,0.0338,0.58,0.000523,0.159,0.432,143.853,3.41955
Waiting On A Friend - Remastered 2009,Tattoo You (2009 Re-Mastered),1981,3,59,0.606,0.794,-6.042,0.0282,0.157,0.0406,0.568,0.911,116.93,4.570433333333333
Dance (pt 1) - Remastered,Emotional Rescue (2009 Re-Mastered),1980,3,40,0.74,0.895,-4.529,0.0415,0.354,0.402,0.0548,0.895,107.411,4.3871
Summer Romance - Remastered,Emotional Rescue (2009 Re-Mastered),1980,0,27,0.334,0.975,-3.134,0.188,0.073,0.269,0.291,0.62,170.035,3.26955
Send It To Me - Remastered,Emotional Rescue (2009 Re-Mastered),1980,1,32,0.768,0.799,-6.079,0.0831,0.104,0.0768,0.155,0.731,94.268,3.716
Let Me Go - Remastered,Emotional Rescue (2009 Re-Mastered),1980,3,30,0.564,0.961,-4.358,0.0644,0.00928,0.0343,0.146,0.865,148.502,3.8611
Indian Girl - Remastered,Emotional Rescue (2009 Re-Mastered),1980,1,31,0.735,0.494,-5.93,0.039,0.0478,0.0217,0.161,0.467,97.538,4.38955
Where The Boys Go - Remastered,Emotional Rescue (2009 Re-Mastered),1980,3,27,0.49,0.993,-3.498,0.136,0.266,0.583,0.786,0.821,160.399,3.48955
Down In The Hole - Remastered,Emotional Rescue (2009 Re-Mastered),1980,0,30,0.293,0.712,-6.122,0.0908,0.0119,0.902,0.348,0.249,186.898,3.9682166666666667
Emotional Rescue - Remastered 2009,Emotional Rescue (2009 Re-Mastered),1980,1,54,0.678,0.621,-5.478,0.0623,0.111,0.0973,0.0394,0.776,113.389,5.656666666666666
She's So Cold - Remastered,Emotional Rescue (2009 Re-Mastered),1980,1,55,0.756,0.843,-5.315,0.0476,0.4,0.0104,0.0654,0.841,139.51,4.2251
All About You - Remastered,Emotional Rescue (2009 Re-Mastered),1980,2,29,0.62,0.384,-9.128,0.0259,0.335,0.00611,0.147,0.224,86.727,4.298883333333333
Dance (Pt. 1),Emotional Rescue,1980,1,19,0.748,0.834,-8.281,0.033,0.333,0.518,0.0582,0.925,107.428,4.386666666666667
Summer Romance,Emotional Rescue,1980,3,15,0.359,0.922,-8.065,0.106,0.0524,0.486,0.297,0.68,167.926,3.2662166666666668
Send It To Me,Emotional Rescue,1980,1,17,0.775,0.66,-10.089,0.0698,0.113,0.0518,0.0498,0.854,94.249,3.7162166666666665
Let Me Go,Emotional Rescue,1980,1,15,0.59,0.912,-8.608,0.0484,0.00996,0.0909,0.146,0.88,148.513,3.8311
Indian Girl,Emotional Rescue,1980,1,17,0.743,0.366,-10.311,0.0369,0.0546,0.0419,0.196,0.576,97.595,4.387766666666667
Where The Boys Go,Emotional Rescue,1980,3,14,0.527,0.965,-9.225,0.0744,0.251,0.758,0.683,0.81,160.65,3.48555
Down In The Hole,Emotional Rescue,1980,2,19,0.306,0.516,-11.418,0.0635,0.00851,0.875,0.325,0.274,187.292,3.9504333333333332
Emotional Rescue,Emotional Rescue,1980,1,25,0.694,0.475,-9.182,0.0886,0.0894,0.133,0.0414,0.855,113.811,5.656
She's So Cold,Emotional Rescue,1980,1,27,0.76,0.711,-9.283,0.0473,0.362,0.0482,0.0614,0.851,139.47,4.21
All About You,Emotional Rescue,1980,2,14,0.615,0.282,-13.611,0.0268,0.298,0.0221,0.147,0.201,87.42,4.304433333333333
Miss You - Remastered,Some Girls,1978,1,69,0.795,0.71,-4.746,0.0392,0.443,0.0215,0.344,0.845,109.689,4.8111
When The Whip Comes Down - Remastered,Some Girls,1978,3,40,0.499,0.986,-1.871,0.0503,0.382,0.913,0.284,0.835,130.597,4.349316666666667
Just My Imagination (Running Away With Me) - Remastered,Some Girls,1978,3,42,0.452,0.908,-2.535,0.0567,0.452,0.279,0.318,0.792,112.872,4.636216666666667
Some Girls - Remastered,Some Girls,1978,3,43,0.474,0.938,-2.643,0.0898,0.527,0.52,0.299,0.505,71.995,4.61555
Lies - Remastered,Some Girls,1978,0,37,0.382,0.997,-1.568,0.188,0.437,0.95,0.617,0.563,162.428,3.1877666666666666
Far Away Eyes - Remastered,Some Girls,1978,1,46,0.667,0.605,-5.683,0.0258,0.504,0.014,0.246,0.69,94.346,4.399333333333334
Respectable - Remastered,Some Girls,1978,3,42,0.452,0.99,-2.823,0.0524,0.123,0.884,0.0677,0.875,152.111,3.124
Before They Make Me Run - Remastered,Some Girls,1978,3,39,0.595,0.955,-2.304,0.117,0.384,0.0175,0.05,0.714,132.653,3.416
Beast Of Burden - Remastered 1994,Some Girls,1978,3,72,0.783,0.878,-3.864,0.0308,0.39,0.000778,0.0426,0.885,100.626,4.41955
Shattered - Remastered,Some Girls,1978,3,51,0.738,0.952,-2.752,0.147,0.415,2.2e-05,0.116,0.748,140.395,3.78
Miss You - Remastered,Some Girls (Deluxe Version),1978,1,32,0.795,0.71,-4.746,0.0392,0.443,0.0215,0.344,0.845,109.689,4.8111
When The Whip Comes Down - Remastered,Some Girls (Deluxe Version),1978,3,20,0.499,0.986,-1.871,0.0503,0.382,0.913,0.284,0.835,130.597,4.349316666666667
Just My Imagination (Running Away With Me) - Remastered,Some Girls (Deluxe Version),1978,3,24,0.452,0.908,-2.535,0.0567,0.452,0.279,0.318,0.792,112.872,4.636216666666667
Some Girls - Remastered,Some Girls (Deluxe Version),1978,3,21,0.474,0.938,-2.643,0.0898,0.527,0.52,0.299,0.505,71.995,4.61555
Lies - Remastered,Some Girls (Deluxe Version),1978,0,16,0.382,0.997,-1.568,0.188,0.437,0.95,0.617,0.563,162.428,3.1877666666666666
Far Away Eyes - Remastered,Some Girls (Deluxe Version),1978,1,23,0.667,0.605,-5.683,0.0258,0.504,0.014,0.246,0.69,94.346,4.399333333333334
Respectable - Remastered,Some Girls (Deluxe Version),1978,3,18,0.452,0.99,-2.823,0.0524,0.123,0.884,0.0677,0.875,152.111,3.124
Before They Make Me Run - Remastered,Some Girls (Deluxe Version),1978,3,19,0.595,0.955,-2.304,0.117,0.384,0.0175,0.05,0.714,132.653,3.416
Beast Of Burden - Remastered 1994,Some Girls (Deluxe Version),1978,3,30,0.783,0.878,-3.864,0.0308,0.39,0.000778,0.0426,0.885,100.626,4.41955
Shattered - Remastered,Some Girls (Deluxe Version),1978,3,28,0.738,0.952,-2.752,0.147,0.415,2.2e-05,0.116,0.748,140.395,3.78
Claudine,Some Girls (Deluxe Version),1978,0,17,0.439,0.977,-4.386,0.128,0.0144,0.0221,0.383,0.364,105.124,3.7042166666666665
So Young,Some Girls (Deluxe Version),1978,3,15,0.524,0.946,-3.123,0.061,0.118,0.089,0.111,0.746,128.759,3.3133333333333335
Do You Think I Really Care,Some Girls (Deluxe Version),1978,3,20,0.609,0.902,-4.282,0.0273,0.0969,0.00558,0.327,0.952,146.733,4.370666666666667
When You're Gone,Some Girls (Deluxe Version),1978,3,15,0.583,0.889,-4.532,0.0994,0.54,0.27,0.0995,0.598,106.666,3.8611
No Spare Parts,Some Girls (Deluxe Version),1978,3,19,0.594,0.762,-5.145,0.0292,0.24,1.52e-05,0.712,0.54,72.648,4.507766666666667
Don't Be A Stranger,Some Girls (Deluxe Version),1978,3,15,0.72,0.867,-5.871,0.039,0.061,0.0297,0.385,0.847,127.329,4.104433333333334
We Had It All,Some Girls (Deluxe Version),1978,2,17,0.498,0.348,-9.857,0.0305,0.678,0.0241,0.133,0.246,63.103,2.9002166666666667
Tallahassee Lassie,Some Girls (Deluxe Version),1978,3,16,0.57,0.957,-2.886,0.0458,0.0654,0.0802,0.123,0.903,139.872,2.6182166666666666
I Love You Too Much,Some Girls (Deluxe Version),1978,3,13,0.586,0.968,-3.312,0.0477,0.0702,0.00487,0.305,0.891,133.936,3.1768833333333335
Keep Up Blues,Some Girls (Deluxe Version),1978,0,15,0.355,0.887,-3.085,0.107,0.102,0.0142,0.1,0.649,204.098,4.348216666666667
You Win Again,Some Girls (Deluxe Version),1978,3,17,0.403,0.65,-4.279,0.0269,0.0962,0.00293,0.248,0.53,83.957,3.0046666666666666
Petrol Blues,Some Girls (Deluxe Version),1978,2,13,0.835,0.621,-8.007,0.0406,0.769,0.114,0.116,0.336,115.87,1.5937666666666668
Miss You - Remastered,Some Girls (Deluxe Version),1978,1,46,0.795,0.71,-4.746,0.0392,0.443,0.0215,0.344,0.845,109.689,4.8111
When The Whip Comes Down - Remastered,Some Girls (Deluxe Version),1978,3,18,0.499,0.986,-1.871,0.0503,0.382,0.913,0.284,0.835,130.597,4.349316666666667
Just My Imagination (Running Away With Me) - Remastered,Some Girls (Deluxe Version),1978,3,20,0.452,0.908,-2.535,0.0567,0.452,0.279,0.318,0.792,112.872,4.636216666666667
Some Girls - Remastered,Some Girls (Deluxe Version),1978,3,21,0.474,0.938,-2.643,0.0898,0.527,0.52,0.299,0.505,71.995,4.61555
Lies - Remastered,Some Girls (Deluxe Version),1978,0,16,0.382,0.997,-1.568,0.188,0.437,0.95,0.617,0.563,162.428,3.1877666666666666
Far Away Eyes - Remastered,Some Girls (Deluxe Version),1978,1,22,0.667,0.605,-5.683,0.0258,0.504,0.014,0.246,0.69,94.346,4.399333333333334
Respectable - Remastered,Some Girls (Deluxe Version),1978,3,19,0.452,0.99,-2.823,0.0524,0.123,0.884,0.0677,0.875,152.111,3.124
Before They Make Me Run - Remastered,Some Girls (Deluxe Version),1978,3,18,0.595,0.955,-2.304,0.117,0.384,0.0175,0.05,0.714,132.653,3.416
Beast Of Burden - Remastered 1994,Some Girls (Deluxe Version),1978,3,29,0.783,0.878,-3.864,0.0308,0.39,0.000778,0.0426,0.885,100.626,4.41955
Shattered - Remastered,Some Girls (Deluxe Version),1978,3,18,0.738,0.952,-2.752,0.147,0.415,2.2e-05,0.116,0.748,140.395,3.78
Claudine,Some Girls (Deluxe Version),1978,0,17,0.439,0.977,-4.386,0.128,0.0144,0.0221,0.383,0.364,105.124,3.7042166666666665
So Young,Some Girls (Deluxe Version),1978,3,16,0.524,0.946,-3.123,0.061,0.118,0.089,0.111,0.746,128.759,3.3133333333333335
Do You Think I Really Care,Some Girls (Deluxe Version),1978,3,21,0.609,0.902,-4.282,0.0273,0.0969,0.00558,0.327,0.952,146.733,4.370666666666667
When You're Gone,Some Girls (Deluxe Version),1978,3,16,0.583,0.889,-4.532,0.0994,0.54,0.27,0.0995,0.598,106.666,3.8611
No Spare Parts,Some Girls (Deluxe Version),1978,3,19,0.594,0.762,-5.145,0.0292,0.24,1.52e-05,0.712,0.54,72.648,4.507766666666667
Don't Be A Stranger,Some Girls (Deluxe Version),1978,3,15,0.72,0.867,-5.871,0.039,0.061,0.0297,0.385,0.847,127.329,4.104433333333334
We Had It All,Some Girls (Deluxe Version),1978,2,19,0.498,0.348,-9.857,0.0305,0.678,0.0241,0.133,0.246,63.103,2.9002166666666667
Tallahassee Lassie,Some Girls (Deluxe Version),1978,3,17,0.57,0.957,-2.886,0.0458,0.0654,0.0802,0.123,0.903,139.872,2.6182166666666666
I Love You Too Much,Some Girls (Deluxe Version),1978,3,15,0.586,0.968,-3.312,0.0477,0.0702,0.00487,0.305,0.891,133.936,3.1768833333333335
Keep Up Blues,Some Girls (Deluxe Version),1978,0,16,0.355,0.887,-3.085,0.107,0.102,0.0142,0.1,0.649,204.098,4.348216666666667
You Win Again,Some Girls (Deluxe Version),1978,3,18,0.403,0.65,-4.279,0.0269,0.0962,0.00293,0.248,0.53,83.957,3.0046666666666666
Petrol Blues,Some Girls (Deluxe Version),1978,2,13,0.835,0.621,-8.007,0.0406,0.769,0.114,0.116,0.336,115.87,1.5937666666666668
"Intro: Excerpt From ""Fanfare For The Common Man"" - Live",Love You Live (Remastered),1977,0,5,0.107,0.995,-13.046,0.0821,0.248,0.966,0.77,0.0187,169.789,1.3944333333333334
Honky Tonk Women - Live,Love You Live (Remastered),1977,3,9,0.477,0.887,-8.252,0.0432,0.0192,0.0107,0.913,0.735,115.745,3.32155
If You Can't Rock Me / Get Off Of My Cloud - Live,Love You Live (Remastered),1977,3,8,0.427,0.965,-5.391,0.0481,0.204,0.0522,0.991,0.74,136.637,5.003333333333333
Happy - Live,Love You Live (Remastered),1977,0,7,0.351,0.973,-6.642,0.167,0.0301,1.14e-06,0.955,0.47,153.181,2.918433333333333
Hot Stuff - Live,Love You Live (Remastered),1977,3,6,0.675,0.896,-6.905,0.0392,0.297,0.171,0.984,0.692,109.183,4.576666666666667
Star Star - Live,Love You Live (Remastered),1977,3,8,0.325,0.969,-5.353,0.0415,0.0914,0.000119,0.971,0.891,154.377,4.164433333333333
Tumbling Dice - Live,Love You Live (Remastered),1977,3,7,0.48,0.898,-7.121,0.0352,0.418,0.0209,0.789,0.835,113.06,4.006
Fingerprint File - Live,Love You Live (Remastered),1977,3,6,0.66,0.844,-8.741,0.0522,0.161,0.0233,0.945,0.729,105.444,5.2751
You Gotta Move - Live,Love You Live (Remastered),1977,0,6,0.414,0.559,-10.023,0.136,0.366,2.56e-05,0.815,0.412,183.143,4.316666666666666
You Can't Always Get What You Want - Live,Love You Live (Remastered),1977,0,7,0.396,0.776,-7.873,0.0666,0.493,0.00171,0.992,0.723,138.757,7.709333333333333
Mannish Boy - Live,Love You Live (Remastered),1977,0,6,0.349,0.69,-8.424,0.0659,0.717,0.0257,0.888,0.84,201.691,6.4622166666666665
Crackin' Up - Live,Love You Live (Remastered),1977,1,6,0.655,0.732,-8.704,0.0893,0.54,0.0311,0.703,0.96,105.259,5.664433333333333
Little Red Rooster - Live,Love You Live (Remastered),1977,2,6,0.563,0.47,-12.487,0.0478,0.521,0.118,0.975,0.64,98.043,4.657766666666666
Around And Around - Live,Love You Live (Remastered),1977,0,5,0.315,0.819,-8.434,0.091,0.608,0.333,0.878,0.821,193.133,4.1433333333333335
It's Only Rock 'N' Roll (But I Like It) - Live,Love You Live (Remastered),1977,3,7,0.478,0.867,-7.165,0.0487,0.369,0.0319,0.976,0.887,143.359,4.520433333333333
Brown Sugar - Live,Love You Live (Remastered),1977,0,5,0.431,0.971,-6.204,0.086,0.119,0.011,0.933,0.575,153.511,3.1811
Jumpin' Jack Flash - Live,Love You Live (Remastered),1977,0,6,0.27,0.98,-7.661,0.184,0.324,0.708,0.986,0.358,154.983,4.043333333333333
Sympathy For The Devil - Live,Love You Live (Remastered),1977,0,11,0.483,0.952,-7.875,0.0518,0.0926,0.0122,0.989,0.671,116.297,7.854433333333334
"Intro: Excerpt from ""Fanfare For The Common Man"" - Live / Remastered 2009",Love You Live (Remastered 2009),1977,0,17,0.247,0.999,-8.598,0.128,0.422,0.981,0.841,0.0165,55.581,1.3971
Honky Tonk Women - Live / Remastered 2009,Love You Live (Remastered 2009),1977,3,24,0.455,0.956,-3.924,0.0555,0.0632,0.000244,0.931,0.69,115.786,3.31955
If You Can't Rock Me / Get Off Of My Cloud - Live / Remastered 2009,Love You Live (Remastered 2009),1977,0,23,0.403,0.986,-2.554,0.0623,0.188,0.0332,0.991,0.735,136.579,5.0071
Happy - Live / Remastered 2009,Love You Live (Remastered 2009),1977,0,20,0.33,0.992,-2.795,0.222,0.0539,1.86e-06,0.941,0.427,153.543,2.9177666666666666
Hot Stuff - Live / Remastered 2009,Love You Live (Remastered 2009),1977,3,20,0.678,0.937,-4.013,0.0411,0.235,0.189,0.986,0.688,109.268,4.570666666666667
Star Star - Live / Remastered 2009,Love You Live (Remastered 2009),1977,3,24,0.298,0.987,-2.767,0.0463,0.111,2.02e-05,0.966,0.902,153.36,4.1593333333333335
Tumbling Dice - Live / Remastered 2009,Love You Live (Remastered 2009),1977,3,20,0.445,0.959,-3.272,0.0439,0.437,0.0053,0.798,0.918,112.855,4.00555
Fingerprint File - Live / Remastered 2009,Love You Live (Remastered 2009),1977,3,19,0.654,0.919,-5.671,0.0607,0.177,0.00943,0.95,0.715,105.467,5.26955
You Gotta Move - Live / Remastered 2009,Love You Live (Remastered 2009),1977,0,20,0.41,0.664,-7.214,0.0853,0.343,1.67e-05,0.851,0.448,184.347,4.316666666666666
You Can't Always Get What You Want - Live / Remastered 2009,Love You Live (Remastered 2009),1977,0,22,0.378,0.882,-3.835,0.0855,0.489,0.00179,0.985,0.676,137.975,7.707766666666667
Mannish Boy - Live / Remastered 2009,Love You Live (Remastered 2009),1977,0,23,0.325,0.793,-4.962,0.0893,0.711,0.0188,0.834,0.834,201.171,6.4588833333333335
Crackin' Up - Live / Remastered 2009,Love You Live (Remastered 2009),1977,3,21,0.648,0.77,-7.201,0.0914,0.526,0.0424,0.573,0.954,105.283,5.660433333333334
Little Red Rooster - Live / Remastered 2009,Love You Live (Remastered 2009),1977,2,18,0.583,0.575,-8.946,0.0437,0.535,0.0836,0.965,0.649,98.106,4.654
Around And Around - Live / Remastered 2009,Love You Live (Remastered 2009),1977,0,22,0.285,0.895,-5.067,0.168,0.674,0.315,0.917,0.715,196.231,4.1371
It's Only Rock 'N' Roll (But I Like It) - Live / Remastered 2009,Love You Live (Remastered 2009),1977,3,20,0.458,0.945,-3.074,0.0589,0.246,0.00539,0.949,0.853,144.471,4.517766666666667
Brown Sugar - Live / Remastered 2009,Love You Live (Remastered 2009),1977,0,19,0.388,0.992,-1.954,0.106,0.153,0.0161,0.948,0.571,152.707,3.17955
Jumpin' Jack Flash - Live / Remastered 2009,Love You Live (Remastered 2009),1977,0,19,0.246,0.994,-3.41,0.228,0.409,0.757,0.987,0.317,154.699,4.039333333333333
Sympathy For The Devil - Live / Remastered 2009,Love You Live (Remastered 2009),1977,0,21,0.423,0.99,-2.338,0.0717,0.124,0.00309,0.984,0.642,115.938,7.850666666666666
Hot Stuff - Remastered 2009,Black And Blue (Remastered 2009),1976,1,41,0.788,0.768,-7.25,0.0601,0.278,0.000161,0.0654,0.852,100.118,5.348216666666667
Hand Of Fate - Remastered,Black And Blue (Remastered 2009),1976,3,38,0.62,0.822,-4.097,0.0276,0.0698,0.0752,0.249,0.712,116.069,4.474
Cherry Oh Baby - Remastered,Black And Blue (Remastered 2009),1976,1,34,0.835,0.421,-8.484,0.0787,0.164,0.00307,0.028,0.963,144.024,3.9033333333333333
Memory Motel - Remastered,Black And Blue (Remastered 2009),1976,2,41,0.357,0.62,-6.03,0.0353,0.783,3.52e-06,0.15,0.38,81.346,7.132216666666666
Hey Negrita - Remastered,Black And Blue (Remastered 2009),1976,1,34,0.695,0.753,-5.164,0.0388,0.319,0.000685,0.0624,0.798,85.184,4.99555
Melody - Remastered,Black And Blue (Remastered 2009),1976,2,36,0.657,0.517,-7.25,0.0417,0.632,0.00139,0.241,0.574,81.915,5.83155
Fool To Cry - Remastered 2009,Black And Blue (Remastered 2009),1976,2,53,0.444,0.454,-7.434,0.0419,0.892,0.0546,0.114,0.236,67.848,5.09
Crazy Mama - Remastered,Black And Blue (Remastered 2009),1976,3,31,0.389,0.909,-3.705,0.0397,0.214,0.00376,0.415,0.781,112.498,4.584883333333333
Hot Stuff,Black And Blue,1976,1,23,0.795,0.66,-10.836,0.0546,0.401,0.00623,0.0934,0.91,100.277,5.334
Hand Of Fate,Black And Blue,1976,1,21,0.634,0.705,-8.318,0.0272,0.173,0.306,0.0862,0.825,116.172,4.46555
Cherry Oh Baby,Black And Blue,1976,1,20,0.828,0.29,-14.174,0.181,0.266,0.0147,0.0598,0.963,144.203,3.884
Memory Motel,Black And Blue,1976,2,23,0.402,0.475,-10.374,0.0364,0.853,0.000165,0.171,0.34,87.016,7.112216666666667
Hey Negrita,Black And Blue,1976,1,21,0.687,0.639,-9.34,0.0443,0.295,0.00708,0.0713,0.83,84.863,4.964433333333333
Melody,Black And Blue,1976,2,21,0.653,0.461,-9.633,0.0429,0.728,0.00384,0.0992,0.626,82.025,5.783333333333333
Fool To Cry,Black And Blue,1976,2,28,0.464,0.338,-11.7,0.0437,0.939,0.16,0.111,0.296,70.131,5.064883333333333
Crazy Mama,Black And Blue,1976,1,18,0.429,0.783,-9.229,0.03,0.214,0.0406,0.438,0.844,112.857,4.572216666666667
If You Can't Rock Me - Remastered,It's Only Rock 'N' Roll (2009 Re-Mastered),1974,3,31,0.522,0.932,-4.215,0.0324,0.00132,0.000219,0.362,0.951,125.554,3.788883333333333
Ain't Too Proud To Beg - Remastered,It's Only Rock 'N' Roll (2009 Re-Mastered),1974,3,36,0.588,0.906,-4.613,0.0441,0.686,0.0973,0.425,0.889,128.641,3.509333333333333
It's Only Rock'n'Roll (But I Like It) - Remastered 2009,It's Only Rock 'N' Roll (2009 Re-Mastered),1974,3,55,0.616,0.957,-3.966,0.0508,0.501,0.0115,0.318,0.778,128.517,5.124
Till The Next Goodbye - Remastered,It's Only Rock 'N' Roll (2009 Re-Mastered),1974,2,29,0.473,0.576,-6.872,0.0293,0.658,1.59e-05,0.0938,0.518,138.344,4.613766666666667
Time Waits For No One - Remastered,It's Only Rock 'N' Roll (2009 Re-Mastered),1974,3,34,0.533,0.781,-4.602,0.0316,0.0784,0.000273,0.063,0.815,118.316,6.6351
Luxury - Remastered,It's Only Rock 'N' Roll (2009 Re-Mastered),1974,3,26,0.567,0.95,-4.742,0.0428,0.251,0.00502,0.643,0.757,129.222,5.020666666666667
Dance Little Sister - Remastered,It's Only Rock 'N' Roll (2009 Re-Mastered),1974,3,35,0.46,0.961,-4.254,0.0817,0.00648,0.182,0.27,0.893,152.776,4.1951
If You Really Want To Be My Friend - Remastered,It's Only Rock 'N' Roll (2009 Re-Mastered),1974,2,26,0.43,0.652,-5.023,0.0357,0.531,0.000358,0.068,0.366,148.922,6.27155
Short And Curlies - Remastered,It's Only Rock 'N' Roll (2009 Re-Mastered),1974,3,24,0.463,0.768,-4.493,0.0424,0.484,0.106,0.658,0.896,118.77,2.7244333333333333
Fingerprint File - Remastered,It's Only Rock 'N' Roll (2009 Re-Mastered),1974,3,31,0.638,0.782,-7.04,0.0515,0.208,0.0607,0.274,0.854,104.716,6.55555
If You Can't Rock Me,It's Only Rock 'N' Roll,1974,1,25,0.558,0.744,-11.03,0.0282,0.0006,0.0192,0.181,0.962,125.632,3.7811
Ain't Too Proud To Beg,It's Only Rock 'N' Roll,1974,1,31,0.59,0.743,-9.768,0.0365,0.565,0.151,0.301,0.926,128.987,3.52155
It's Only Rock 'n' Roll (But I Like It) - Remastered,It's Only Rock 'N' Roll,1974,1,33,0.615,0.891,-9.251,0.0474,0.388,0.136,0.187,0.817,128.552,5.11955
Till The Next Goodbye,It's Only Rock 'N' Roll,1974,2,25,0.49,0.444,-11.763,0.0302,0.663,6.66e-05,0.116,0.507,138.375,4.613333333333333
Time Waits For No One,It's Only Rock 'N' Roll,1974,1,38,0.543,0.601,-9.783,0.0298,0.0831,0.0789,0.0314,0.811,118.512,6.636666666666667
Luxury,It's Only Rock 'N' Roll,1974,1,22,0.591,0.809,-10.479,0.0328,0.0568,0.00836,0.796,0.842,129.421,5.018883333333333
Dance Little Sister,It's Only Rock 'N' Roll,1974,3,25,0.501,0.9,-8.954,0.0554,0.000756,0.419,0.239,0.94,152.954,4.18555
If You Really Want To Be My Friend,It's Only Rock 'N' Roll,1974,2,22,0.377,0.488,-10.523,0.0399,0.657,0.0473,0.0878,0.375,73.025,6.280433333333334
Short And Curlies,It's Only Rock 'N' Roll,1974,1,20,0.475,0.55,-10.302,0.0338,0.368,0.624,0.368,0.886,119.165,2.7277666666666667
Fingerprint File,It's Only Rock 'N' Roll,1974,1,27,0.621,0.671,-10.962,0.0477,0.172,0.0742,0.181,0.886,104.669,6.5551
Dancing With Mr. D,Goats Head Soup (Remastered 2009),1973,3,35,0.564,0.924,-3.585,0.0345,0.562,0.649,0.403,0.903,106.022,4.8726666666666665
100 Years Ago - Remastered,Goats Head Soup (Remastered 2009),1973,3,42,0.409,0.799,-4.333,0.0483,0.732,0.765,0.644,0.624,124.334,3.9688833333333333
Coming Down Again - Remastered,Goats Head Soup (Remastered 2009),1973,2,32,0.458,0.427,-7.993,0.0247,0.867,0.915,0.11,0.36,71.514,5.9028833333333335
Doo Doo Doo Doo Doo (Heartbreaker),Goats Head Soup (Remastered 2009),1973,3,53,0.439,0.827,-4.593,0.0335,0.0646,0.374,0.0844,0.54,111.297,3.4411
Angie,Goats Head Soup (Remastered 2009),1973,2,71,0.429,0.554,-6.128,0.0291,0.67,0.000152,0.105,0.407,136.302,4.533333333333333
Silver Train - Remastered,Goats Head Soup (Remastered 2009),1973,3,32,0.41,0.94,-3.034,0.0417,0.349,0.762,0.635,0.804,147.623,4.437766666666667
Hide Your Love - Remastered,Goats Head Soup (Remastered 2009),1973,3,32,0.527,0.752,-5.262,0.0298,0.824,0.757,0.229,0.745,109.572,4.1971
Winter - Remastered,Goats Head Soup (Remastered 2009),1973,2,38,0.329,0.658,-6.017,0.0351,0.797,0.612,0.161,0.633,150.236,5.49
Can You Hear The Music - Remastered,Goats Head Soup (Remastered 2009),1973,2,29,0.322,0.69,-6.672,0.032,0.733,0.554,0.61,0.492,73.279,5.528433333333333
Star Star - Remastered,Goats Head Soup (Remastered 2009),1973,3,39,0.565,0.95,-4.285,0.103,0.646,0.448,0.359,0.751,142.27,4.394433333333334
Dancing With Mr D,Goats Head Soup,1973,1,15,0.581,0.809,-9.05,0.0321,0.338,0.704,0.0561,0.932,105.625,4.884883333333334
100 Years Ago,Goats Head Soup,1973,2,32,0.4,0.642,-9.39,0.0352,0.586,0.619,0.53,0.604,105.139,3.984
Coming Down Again,Goats Head Soup,1973,2,14,0.464,0.302,-13.082,0.0267,0.83,0.779,0.103,0.374,73.047,5.9011
Doo Doo Doo Doo Doo (Heartbreaker),Goats Head Soup,1973,1,18,0.447,0.537,-11.627,0.0282,0.0181,0.756,0.133,0.643,111.085,3.4462166666666665
Angie - Remastered,Goats Head Soup,1973,2,44,0.43,0.396,-11.915,0.0295,0.527,0.000101,0.143,0.429,138.241,4.552216666666666
Silver Train,Goats Head Soup,1973,3,13,0.437,0.8,-8.833,0.0332,0.166,0.144,0.67,0.848,147.171,4.446666666666666
Hide Your Love,Goats Head Soup,1973,2,13,0.549,0.561,-11.234,0.0273,0.676,0.823,0.216,0.771,109.596,4.207333333333334
Winter,Goats Head Soup,1973,2,19,0.38,0.499,-11.393,0.036,0.597,0.114,0.183,0.594,74.544,5.51155
Can You Hear The Music,Goats Head Soup,1973,2,11,0.294,0.565,-10.97,0.0317,0.537,0.512,0.369,0.515,72.666,5.517766666666667
Star Star,Goats Head Soup,1973,1,25,0.592,0.9,-8.302,0.0488,0.559,0.0358,0.195,0.861,141.785,4.4188833333333335
Rocks Off,Exile On Main Street (2010 Re-Mastered),1972,3,52,0.485,0.943,-4.423,0.0416,0.0639,0.179,0.144,0.889,141.982,4.532216666666667
Rip This Joint,Exile On Main Street (2010 Re-Mastered),1972,3,49,0.548,0.952,-2.958,0.0422,0.118,0.837,0.301,0.906,98.04,2.3882166666666667
Shake Your Hips,Exile On Main Street (2010 Re-Mastered),1972,3,43,0.374,0.787,-7.054,0.0617,0.69,0.831,0.203,0.763,180.496,2.9833333333333334
Casino Boogie,Exile On Main Street (2010 Re-Mastered),1972,3,40,0.53,0.691,-5.409,0.0307,0.374,0.111,0.29,0.581,117.046,3.5744333333333334
Tumbling Dice,Exile On Main Street (2010 Re-Mastered),1972,3,63,0.615,0.91,-4.248,0.0347,0.5,0.511,0.281,0.77,111.013,3.7722166666666666
Sweet Virginia,Exile On Main Street (2010 Re-Mastered),1972,2,56,0.477,0.74,-5.397,0.0446,0.502,1.31e-06,0.263,0.56,107.384,4.442666666666667
Torn And Frayed,Exile On Main Street (2010 Re-Mastered),1972,3,41,0.454,0.766,-3.862,0.0272,0.664,0.904,0.594,0.776,90.677,4.287333333333334
Sweet Black Angel,Exile On Main Street (2010 Re-Mastered),1972,2,40,0.498,0.728,-7.387,0.0373,0.65,0.000172,0.114,0.609,174.33,2.9611
Loving Cup,Exile On Main Street (2010 Re-Mastered),1972,3,42,0.471,0.843,-5.702,0.041,0.636,0.0402,0.773,0.632,156.695,4.404433333333333
Happy,Exile On Main Street (2010 Re-Mastered),1972,3,41,0.555,0.897,-3.469,0.0293,0.361,0.94,0.536,0.965,131.712,3.0771
Turd On The Run,Exile On Main Street (2010 Re-Mastered),1972,3,37,0.517,0.781,-6.33,0.0405,0.65,0.977,0.341,0.742,119.364,2.61955
Ventilator Blues,Exile On Main Street (2010 Re-Mastered),1972,3,43,0.618,0.678,-5.199,0.0316,0.6,0.723,0.501,0.79,133.453,3.40955
I Just Want To See His Face,Exile On Main Street (2010 Re-Mastered),1972,1,36,0.654,0.542,-14.696,0.0419,0.689,0.584,0.204,0.877,78.015,2.8771
Let It Loose,Exile On Main Street (2010 Re-Mastered),1972,2,42,0.352,0.656,-5.721,0.0289,0.869,0.8,0.221,0.363,76.121,5.286216666666666
All Down The Line,Exile On Main Street (2010 Re-Mastered),1972,3,42,0.519,0.973,-3.044,0.0562,0.39,0.978,0.784,0.822,140.221,3.824883333333333
Stop Breaking Down,Exile On Main Street (2010 Re-Mastered),1972,3,38,0.522,0.891,-4.085,0.0322,0.509,0.908,0.111,0.91,104.411,4.57955
Shine A Light,Exile On Main Street (2010 Re-Mastered),1972,2,53,0.365,0.839,-5.148,0.0691,0.522,0.000469,0.292,0.575,81.772,4.280433333333334
Soul Survivor,Exile On Main Street (2010 Re-Mastered),1972,3,37,0.337,0.919,-3.94,0.0431,0.183,0.186,0.286,0.525,114.748,3.814
Rocks Off,Exile On Main Street (Bonus Track Version),1972,3,12,0.485,0.943,-4.423,0.0416,0.0639,0.179,0.144,0.889,141.982,4.532216666666667
Rip This Joint,Exile On Main Street (Bonus Track Version),1972,3,7,0.548,0.952,-2.958,0.0422,0.118,0.837,0.301,0.906,98.04,2.3882166666666667
Shake Your Hips,Exile On Main Street (Bonus Track Version),1972,3,6,0.374,0.787,-7.054,0.0617,0.69,0.831,0.203,0.763,180.496,2.9833333333333334
Casino Boogie,Exile On Main Street (Bonus Track Version),1972,3,5,0.53,0.691,-5.409,0.0307,0.374,0.111,0.29,0.581,117.046,3.5744333333333334
Tumbling Dice,Exile On Main Street (Bonus Track Version),1972,3,5,0.615,0.91,-4.248,0.0347,0.5,0.511,0.281,0.77,111.013,3.7722166666666666
Sweet Virginia,Exile On Main Street (Bonus Track Version),1972,2,9,0.477,0.74,-5.397,0.0446,0.502,1.31e-06,0.263,0.56,107.384,4.442666666666667
Torn And Frayed,Exile On Main Street (Bonus Track Version),1972,3,5,0.454,0.766,-3.862,0.0272,0.664,0.904,0.594,0.776,90.677,4.287333333333334
Sweet Black Angel,Exile On Main Street (Bonus Track Version),1972,2,5,0.498,0.728,-7.387,0.0373,0.65,0.000172,0.114,0.609,174.33,2.9611
Loving Cup,Exile On Main Street (Bonus Track Version),1972,3,6,0.471,0.843,-5.702,0.041,0.636,0.0402,0.773,0.632,156.695,4.404433333333333
Happy,Exile On Main Street (Bonus Track Version),1972,3,7,0.555,0.897,-3.469,0.0293,0.361,0.94,0.536,0.965,131.712,3.0771
Turd On The Run,Exile On Main Street (Bonus Track Version),1972,3,4,0.517,0.781,-6.33,0.0405,0.65,0.977,0.341,0.742,119.364,2.61955
Ventilator Blues,Exile On Main Street (Bonus Track Version),1972,3,8,0.618,0.678,-5.199,0.0316,0.6,0.723,0.501,0.79,133.453,3.40955
I Just Want To See His Face,Exile On Main Street (Bonus Track Version),1972,1,4,0.654,0.542,-14.696,0.0419,0.689,0.584,0.204,0.877,78.015,2.8771
Let It Loose,Exile On Main Street (Bonus Track Version),1972,2,5,0.352,0.656,-5.721,0.0289,0.869,0.8,0.221,0.363,76.121,5.286216666666666
All Down The Line,Exile On Main Street (Bonus Track Version),1972,3,7,0.519,0.973,-3.044,0.0562,0.39,0.978,0.784,0.822,140.221,3.824883333333333
Stop Breaking Down,Exile On Main Street (Bonus Track Version),1972,3,4,0.522,0.891,-4.085,0.0322,0.509,0.908,0.111,0.91,104.411,4.57955
Shine A Light,Exile On Main Street (Bonus Track Version),1972,2,11,0.365,0.839,-5.148,0.0691,0.522,0.000469,0.292,0.575,81.772,4.280433333333334
Soul Survivor,Exile On Main Street (Bonus Track Version),1972,3,4,0.337,0.919,-3.94,0.0431,0.183,0.186,0.286,0.525,114.748,3.814
Pass The Wine (Sophia Loren),Exile On Main Street (Bonus Track Version),1972,3,4,0.598,0.804,-6.094,0.0703,0.101,0.0783,0.256,0.919,125.439,4.907766666666666
Plundered My Soul,Exile On Main Street (Bonus Track Version),1972,3,5,0.257,0.869,-4.268,0.0389,0.363,1.09e-05,0.45,0.731,201.97,3.9811
I'm Not Signifying,Exile On Main Street (Bonus Track Version),1972,2,3,0.355,0.603,-5.566,0.032,0.545,0.00231,0.0903,0.645,78.063,3.9204333333333334
Following The River,Exile On Main Street (Bonus Track Version),1972,2,4,0.292,0.512,-5.844,0.0275,0.724,8.2e-05,0.159,0.25,141.411,4.86155
Dancing In The Light,Exile On Main Street (Bonus Track Version),1972,3,3,0.38,0.945,-3.398,0.0449,0.0274,2.18e-05,0.234,0.845,83.552,4.358433333333333
So Divine (Aladdin Story),Exile On Main Street (Bonus Track Version),1972,3,3,0.265,0.885,-4.413,0.0348,0.00746,0.00177,0.471,0.805,174.766,4.5277666666666665
Loving Cup - Alternate Take,Exile On Main Street (Bonus Track Version),1972,0,4,0.304,0.829,-4.843,0.0624,0.184,4.51e-05,0.326,0.476,152.021,5.426666666666667
Soul Survivor - Alternate Take,Exile On Main Street (Bonus Track Version),1972,3,2,0.319,0.888,-4.9,0.0353,0.0517,0.0199,0.202,0.615,115.509,3.9811
Good Time Women,Exile On Main Street (Bonus Track Version),1972,3,5,0.394,0.956,-4.424,0.0477,0.0546,6.58e-06,0.328,0.917,122.963,3.3577666666666666
Title 5,Exile On Main Street (Bonus Track Version),1972,3,4,0.466,0.831,-7.849,0.0343,0.473,0.831,0.322,0.885,95.548,1.7904333333333333
All Down The Line - Alternate Take - Bonus Track,Exile On Main Street (Bonus Track Version),1972,3,3,0.366,0.932,-5.34,0.0343,0.00207,0.817,0.161,0.905,149.044,4.164883333333333
Rocks Off,Exile On Main Street (Deluxe Version),1972,3,35,0.485,0.943,-4.423,0.0416,0.0639,0.179,0.144,0.889,141.982,4.532216666666667
Rip This Joint,Exile On Main Street (Deluxe Version),1972,3,32,0.548,0.952,-2.958,0.0422,0.118,0.837,0.301,0.906,98.04,2.3882166666666667
Shake Your Hips,Exile On Main Street (Deluxe Version),1972,3,31,0.374,0.787,-7.054,0.0617,0.69,0.831,0.203,0.763,180.496,2.9833333333333334
Casino Boogie,Exile On Main Street (Deluxe Version),1972,3,29,0.53,0.691,-5.409,0.0307,0.374,0.111,0.29,0.581,117.046,3.5744333333333334
Tumbling Dice,Exile On Main Street (Deluxe Version),1972,3,36,0.615,0.91,-4.248,0.0347,0.5,0.511,0.281,0.77,111.013,3.7722166666666666
Sweet Virginia,Exile On Main Street (Deluxe Version),1972,2,35,0.477,0.74,-5.397,0.0446,0.502,1.31e-06,0.263,0.56,107.384,4.442666666666667
Torn And Frayed,Exile On Main Street (Deluxe Version),1972,3,31,0.454,0.766,-3.862,0.0272,0.664,0.904,0.594,0.776,90.677,4.287333333333334
Sweet Black Angel,Exile On Main Street (Deluxe Version),1972,2,29,0.498,0.728,-7.387,0.0373,0.65,0.000172,0.114,0.609,174.33,2.9611
Loving Cup,Exile On Main Street (Deluxe Version),1972,3,50,0.471,0.843,-5.702,0.041,0.636,0.0402,0.773,0.632,156.695,4.404433333333333
Happy,Exile On Main Street (Deluxe Version),1972,3,49,0.555,0.897,-3.469,0.0293,0.361,0.94,0.536,0.965,131.712,3.0771
Turd On The Run,Exile On Main Street (Deluxe Version),1972,3,27,0.517,0.781,-6.33,0.0405,0.65,0.977,0.341,0.742,119.364,2.61955
Ventilator Blues,Exile On Main Street (Deluxe Version),1972,3,30,0.618,0.678,-5.199,0.0316,0.6,0.723,0.501,0.79,133.453,3.40955
I Just Want To See His Face,Exile On Main Street (Deluxe Version),1972,1,26,0.654,0.542,-14.696,0.0419,0.689,0.584,0.204,0.877,78.015,2.8771
Let It Loose,Exile On Main Street (Deluxe Version),1972,2,30,0.352,0.656,-5.721,0.0289,0.869,0.8,0.221,0.363,76.121,5.286216666666666
All Down The Line,Exile On Main Street (Deluxe Version),1972,3,28,0.519,0.973,-3.044,0.0562,0.39,0.978,0.784,0.822,140.221,3.824883333333333
Stop Breaking Down,Exile On Main Street (Deluxe Version),1972,3,27,0.522,0.891,-4.085,0.0322,0.509,0.908,0.111,0.91,104.411,4.57955
Shine A Light,Exile On Main Street (Deluxe Version),1972,2,31,0.365,0.839,-5.148,0.0691,0.522,0.000469,0.292,0.575,81.772,4.280433333333334
Soul Survivor,Exile On Main Street (Deluxe Version),1972,3,26,0.337,0.919,-3.94,0.0431,0.183,0.186,0.286,0.525,114.748,3.814
Pass The Wine (Sophia Loren),Exile On Main Street (Deluxe Version),1972,3,27,0.598,0.804,-6.094,0.0703,0.101,0.0783,0.256,0.919,125.439,4.907766666666666
Plundered My Soul,Exile On Main Street (Deluxe Version),1972,3,32,0.257,0.869,-4.268,0.0389,0.363,1.09e-05,0.45,0.731,201.97,3.9811
I'm Not Signifying,Exile On Main Street (Deluxe Version),1972,2,25,0.355,0.603,-5.566,0.032,0.545,0.00231,0.0903,0.645,78.063,3.9204333333333334
Following The River,Exile On Main Street (Deluxe Version),1972,2,26,0.292,0.512,-5.844,0.0275,0.724,8.2e-05,0.159,0.25,141.411,4.86155
Dancing In The Light,Exile On Main Street (Deluxe Version),1972,3,26,0.38,0.945,-3.398,0.0449,0.0274,2.18e-05,0.234,0.845,83.552,4.358433333333333
So Divine (Aladdin Story),Exile On Main Street (Deluxe Version),1972,3,25,0.265,0.885,-4.413,0.0348,0.00746,0.00177,0.471,0.805,174.766,4.5277666666666665
Loving Cup - Alternate Take,Exile On Main Street (Deluxe Version),1972,0,25,0.304,0.829,-4.843,0.0624,0.184,4.51e-05,0.326,0.476,152.021,5.426666666666667
Soul Survivor - Alternate Take,Exile On Main Street (Deluxe Version),1972,3,22,0.319,0.888,-4.9,0.0353,0.0517,0.0199,0.202,0.615,115.509,3.9811
Good Time Women,Exile On Main Street (Deluxe Version),1972,3,25,0.394,0.956,-4.424,0.0477,0.0546,6.58e-06,0.328,0.917,122.963,3.3577666666666666
Title 5,Exile On Main Street (Deluxe Version),1972,3,24,0.466,0.831,-7.849,0.0343,0.473,0.831,0.322,0.885,95.548,1.7904333333333333
The Boudoir Stomp,Jamming With Edward,1972,1,22,0.62,0.591,-12.908,0.0583,0.432,0.91,0.102,0.812,132.329,5.2642
It Hurts Me Too,Jamming With Edward,1972,2,35,0.462,0.261,-14.986,0.0545,0.673,0.629,0.126,0.405,168.166,5.23955
Edward's Thrump Up,Jamming With Edward,1972,1,20,0.441,0.616,-12.812,0.034,0.226,0.911,0.129,0.787,120.942,8.222883333333334
Blow With Ry,Jamming With Edward,1972,2,22,0.576,0.605,-12.491,0.0595,0.469,0.635,0.119,0.712,90.374,11.131966666666667
Interlude A La El Hopo / Loveliest Night Of The Year,Jamming With Edward,1972,2,16,0.421,0.252,-21.548,0.0495,0.663,0.193,0.143,0.495,82.951,2.0997
Highland Fling,Jamming With Edward,1972,1,18,0.482,0.707,-12.707,0.0262,0.325,0.934,0.123,0.649,148.61,4.298466666666667
Brown Sugar - 2009 Remaster,Sticky Fingers (Remastered),1971,3,66,0.633,0.934,-3.594,0.0344,0.219,0.00021,0.0592,0.963,128.606,3.8111
Sway - 2009 Mix,Sticky Fingers (Remastered),1971,3,46,0.33,0.895,-3.435,0.0399,0.221,0.737,0.408,0.54,144.945,3.87555
Wild Horses - 2009 Mix,Sticky Fingers (Remastered),1971,2,69,0.432,0.389,-6.517,0.0255,0.687,0.0107,0.0788,0.158,139.506,5.6962166666666665
Can't You Hear Me Knocking - 2009 Mix,Sticky Fingers (Remastered),1971,3,63,0.545,0.757,-5.228,0.0396,0.408,0.045,0.16,0.714,152.217,7.266666666666667
You Gotta Move - 2009 Mix,Sticky Fingers (Remastered),1971,2,41,0.439,0.422,-8.384,0.0312,0.724,0.203,0.152,0.564,70.283,2.5351
Bitch - 2009 Mix,Sticky Fingers (Remastered),1971,3,51,0.655,0.972,-3.502,0.0362,0.257,0.297,0.165,0.973,135.922,3.6182166666666666
I Got The Blues - 2009 Mix,Sticky Fingers (Remastered),1971,2,43,0.442,0.382,-5.295,0.0317,0.467,0.0216,0.121,0.199,119.947,3.8948833333333335
Sister Morphine - 2009 Mix,Sticky Fingers (Remastered),1971,2,43,0.395,0.579,-7.565,0.0341,0.0943,0.0925,0.176,0.218,90.443,5.5271
Dead Flowers - 2009 Mix,Sticky Fingers (Remastered),1971,3,58,0.54,0.862,-4.599,0.0284,0.33,1.7e-05,0.156,0.931,130.34,4.07555
Moonlight Mile - 2009 Mix,Sticky Fingers (Remastered),1971,2,53,0.417,0.5,-6.449,0.0263,0.575,0.0883,0.102,0.241,130.531,5.953333333333333
Brown Sugar - 2009 Remaster,Sticky Fingers (Deluxe),1971,3,36,0.633,0.934,-3.594,0.0344,0.219,0.00021,0.0592,0.963,128.606,3.8111
Sway - 2009 Mix,Sticky Fingers (Deluxe),1971,3,26,0.33,0.895,-3.435,0.0399,0.221,0.737,0.408,0.54,144.945,3.87555
Wild Horses - 2009 Mix,Sticky Fingers (Deluxe),1971,2,32,0.432,0.389,-6.517,0.0255,0.687,0.0107,0.0788,0.158,139.506,5.6962166666666665
Can't You Hear Me Knocking - 2009 Mix,Sticky Fingers (Deluxe),1971,3,35,0.545,0.757,-5.228,0.0396,0.408,0.045,0.16,0.714,152.217,7.266666666666667
You Gotta Move - 2009 Mix,Sticky Fingers (Deluxe),1971,2,23,0.439,0.422,-8.384,0.0312,0.724,0.203,0.152,0.564,70.283,2.5351
Bitch - 2009 Mix,Sticky Fingers (Deluxe),1971,3,30,0.655,0.972,-3.502,0.0362,0.257,0.297,0.165,0.973,135.922,3.6182166666666666
I Got The Blues - 2009 Mix,Sticky Fingers (Deluxe),1971,2,24,0.442,0.382,-5.295,0.0317,0.467,0.0216,0.121,0.199,119.947,3.8948833333333335
Sister Morphine - 2009 Mix,Sticky Fingers (Deluxe),1971,2,24,0.395,0.579,-7.565,0.0341,0.0943,0.0925,0.176,0.218,90.443,5.5271
Dead Flowers - 2009 Mix,Sticky Fingers (Deluxe),1971,3,29,0.54,0.862,-4.599,0.0284,0.33,1.7e-05,0.156,0.931,130.34,4.07555
Moonlight Mile - 2009 Mix,Sticky Fingers (Deluxe),1971,2,38,0.417,0.5,-6.449,0.0263,0.575,0.0883,0.102,0.241,130.531,5.953333333333333
Brown Sugar,Sticky Fingers (Deluxe),1971,3,38,0.525,0.911,-4.612,0.0562,0.129,0.00018,0.36,0.637,129.155,4.1226666666666665
Wild Horses - Acoustic Version,Sticky Fingers (Deluxe),1971,2,50,0.385,0.393,-7.874,0.0258,0.561,0.00138,0.101,0.178,147.665,5.79155
Can't You Hear Me Knocking - Alternate Version,Sticky Fingers (Deluxe),1971,3,32,0.59,0.773,-6.477,0.0393,0.221,0.808,0.0763,0.777,149.196,3.4013333333333335
Bitch - Extended Version,Sticky Fingers (Deluxe),1971,3,24,0.51,0.975,-2.683,0.0395,0.148,0.111,0.0805,0.942,135.335,5.876666666666667
Dead Flowers - Alternate Version,Sticky Fingers (Deluxe),1971,3,25,0.413,0.867,-4.713,0.0348,0.0767,0.00503,0.343,0.811,129.017,4.298216666666667
Live With Me - Live At The Roundhouse / 1971,Sticky Fingers (Deluxe),1971,3,18,0.468,0.946,-4.014,0.0399,0.22,0.0269,0.381,0.674,139.318,4.367333333333334
Stray Cat Blues - Live At The Roundhouse / 1971,Sticky Fingers (Deluxe),1971,3,23,0.417,0.851,-4.832,0.0324,0.249,0.124,0.2,0.537,97.712,3.8033333333333332
Love In Vain - Live At The Roundhouse / 1971,Sticky Fingers (Deluxe),1971,2,21,0.382,0.53,-6.432,0.0311,0.531,0.336,0.684,0.251,120.347,6.7
Midnight Rambler - Live At The Roundhouse / 1971,Sticky Fingers (Deluxe),1971,0,23,0.328,0.87,-4.573,0.0818,0.256,0.429,0.885,0.568,146.586,11.444883333333333
Honky Tonk Women - Live At The Roundhouse / 1971,Sticky Fingers (Deluxe),1971,3,22,0.372,0.926,-5.596,0.085,0.221,0.0365,0.153,0.585,116.1,4.240216666666667
Brown Sugar - 2009 Remaster,Sticky Fingers (Super Deluxe),1971,3,29,0.633,0.934,-3.594,0.0344,0.219,0.00021,0.0592,0.963,128.606,3.8111
Sway - 2009 Mix,Sticky Fingers (Super Deluxe),1971,3,24,0.33,0.895,-3.435,0.0399,0.221,0.737,0.408,0.54,144.945,3.87555
Wild Horses - 2009 Mix,Sticky Fingers (Super Deluxe),1971,2,28,0.432,0.389,-6.517,0.0255,0.687,0.0107,0.0788,0.158,139.506,5.6962166666666665
Can't You Hear Me Knocking - 2009 Mix,Sticky Fingers (Super Deluxe),1971,3,31,0.545,0.757,-5.228,0.0396,0.408,0.045,0.16,0.714,152.217,7.266666666666667
You Gotta Move - 2009 Mix,Sticky Fingers (Super Deluxe),1971,2,21,0.439,0.422,-8.384,0.0312,0.724,0.203,0.152,0.564,70.283,2.5351
Bitch - 2009 Mix,Sticky Fingers (Super Deluxe),1971,3,25,0.655,0.972,-3.502,0.0362,0.257,0.297,0.165,0.973,135.922,3.6182166666666666
I Got The Blues - 2009 Mix,Sticky Fingers (Super Deluxe),1971,2,22,0.442,0.382,-5.295,0.0317,0.467,0.0216,0.121,0.199,119.947,3.8948833333333335
Sister Morphine - 2009 Mix,Sticky Fingers (Super Deluxe),1971,2,22,0.395,0.579,-7.565,0.0341,0.0943,0.0925,0.176,0.218,90.443,5.5271
Dead Flowers - 2009 Mix,Sticky Fingers (Super Deluxe),1971,3,26,0.54,0.862,-4.599,0.0284,0.33,1.7e-05,0.156,0.931,130.34,4.07555
Moonlight Mile - 2009 Mix,Sticky Fingers (Super Deluxe),1971,2,23,0.417,0.5,-6.449,0.0263,0.575,0.0883,0.102,0.241,130.531,5.953333333333333
Brown Sugar,Sticky Fingers (Super Deluxe),1971,3,24,0.525,0.911,-4.612,0.0562,0.129,0.00018,0.36,0.637,129.155,4.1226666666666665
Wild Horses - Acoustic Version,Sticky Fingers (Super Deluxe),1971,2,27,0.385,0.393,-7.874,0.0258,0.561,0.00138,0.101,0.178,147.665,5.79155
Can't You Hear Me Knocking - Alternate Version,Sticky Fingers (Super Deluxe),1971,3,20,0.59,0.773,-6.477,0.0393,0.221,0.808,0.0763,0.777,149.196,3.4013333333333335
Bitch - Extended Version,Sticky Fingers (Super Deluxe),1971,3,18,0.51,0.975,-2.683,0.0395,0.148,0.111,0.0805,0.942,135.335,5.876666666666667
Dead Flowers - Alternate Version,Sticky Fingers (Super Deluxe),1971,3,18,0.413,0.867,-4.713,0.0348,0.0767,0.00503,0.343,0.811,129.017,4.298216666666667
Live With Me - Live At The Roundhouse / 1971,Sticky Fingers (Super Deluxe),1971,3,15,0.468,0.946,-4.014,0.0399,0.22,0.0269,0.381,0.674,139.318,4.367333333333334
Stray Cat Blues - Live At The Roundhouse / 1971,Sticky Fingers (Super Deluxe),1971,3,16,0.417,0.851,-4.832,0.0324,0.249,0.124,0.2,0.537,97.712,3.8033333333333332
Love In Vain - Live At The Roundhouse / 1971,Sticky Fingers (Super Deluxe),1971,2,16,0.382,0.53,-6.432,0.0311,0.531,0.336,0.684,0.251,120.347,6.7
Midnight Rambler - Live At The Roundhouse / 1971,Sticky Fingers (Super Deluxe),1971,0,17,0.328,0.87,-4.573,0.0818,0.256,0.429,0.885,0.568,146.586,11.444883333333333
Honky Tonk Women - Live At The Roundhouse / 1971,Sticky Fingers (Super Deluxe),1971,3,15,0.372,0.926,-5.596,0.085,0.221,0.0365,0.153,0.585,116.1,4.240216666666667
Jumpin' Jack Flash - Live At University Of Leeds / 1971,Sticky Fingers (Super Deluxe),1971,0,19,0.434,0.963,-6.558,0.186,0.25,0.106,0.987,0.399,132.382,3.9871
Live With Me - Live At University Of Leeds / 1971,Sticky Fingers (Super Deluxe),1971,0,15,0.421,0.957,-4.281,0.0869,0.115,0.0246,0.894,0.584,137.17,4.357333333333333
Dead Flowers - Live At University Of Leeds / 1971,Sticky Fingers (Super Deluxe),1971,3,19,0.441,0.834,-5.265,0.0613,0.165,0.00232,0.544,0.596,142.492,4.036216666666666
Stray Cat Blues - Live At University Of Leeds / 1971,Sticky Fingers (Super Deluxe),1971,0,16,0.248,0.826,-6.529,0.0637,0.401,0.00123,0.201,0.388,183.628,4.233766666666667
Love In Vain - Live At University Of Leeds / 1971,Sticky Fingers (Super Deluxe),1971,2,15,0.436,0.477,-6.915,0.0329,0.771,0.0117,0.813,0.24,124.826,6.474216666666667
Midnight Rambler - Live At University Of Leeds / 1971,Sticky Fingers (Super Deluxe),1971,0,17,0.355,0.809,-6.231,0.101,0.337,0.118,0.772,0.42,133.791,13.154
Bitch - Live At University Of Leeds / 1971,Sticky Fingers (Super Deluxe),1971,0,17,0.413,0.925,-5.433,0.286,0.22,0.0125,0.542,0.467,142.767,5.41355
Honky Tonk Women - Live At University Of Leeds / 1971,Sticky Fingers (Super Deluxe),1971,0,18,0.363,0.909,-4.142,0.128,0.259,0.00123,0.718,0.583,121.362,3.3397666666666668
(I Can't Get No) Satisfaction - Live At University Of Leeds / 1971,Sticky Fingers (Super Deluxe),1971,0,20,0.452,0.958,-4.41,0.107,0.298,0.00203,0.479,0.621,136.777,5.517333333333333
Little Queenie - Live At University Of Leeds / 1971,Sticky Fingers (Super Deluxe),1971,3,17,0.387,0.935,-4.498,0.0758,0.16,0.0227,0.173,0.659,129.7,4.440666666666667
Brown Sugar - Live At University Of Leeds / 1971,Sticky Fingers (Super Deluxe),1971,0,18,0.397,0.927,-4.652,0.137,0.237,0.000533,0.673,0.427,137.841,4.73355
Street Fighting Man - Live At University Of Leeds / 1971,Sticky Fingers (Super Deluxe),1971,0,15,0.276,0.975,-4.848,0.145,0.0475,0.016,0.627,0.332,140.232,4.874433333333333
Let It Rock - Live At University Of Leeds / 1971,Sticky Fingers (Super Deluxe),1971,0,20,0.409,0.977,-4.599,0.226,0.179,0.0733,0.517,0.494,142.349,3.2268833333333333
Jumpin' Jack Flash - Live,Get Yer Ya Yas Out,1970,3,7,0.425,0.867,-11.277,0.0494,0.0817,0.64,0.974,0.657,137.754,4.0437666666666665
Carol - Live,Get Yer Ya Yas Out,1970,3,7,0.617,0.868,-9.438,0.0374,0.477,0.0821,0.989,0.962,138.036,3.782216666666667
Stray Cat Blues - Live,Get Yer Ya Yas Out,1970,0,4,0.335,0.739,-9.94,0.0707,0.169,0.0359,0.703,0.56,169.64,3.7784333333333335
Love In Vain - Live,Get Yer Ya Yas Out,1970,2,5,0.429,0.272,-16.572,0.0297,0.42,0.143,0.904,0.177,78.704,4.9411
"Midnight Rambler - Live From Madison Square Garden, New York/1969",Get Yer Ya Yas Out,1970,2,9,0.431,0.636,-11.767,0.0768,0.292,0.254,0.986,0.526,135.214,9.074883333333334
Sympathy For The Devil - Live,Get Yer Ya Yas Out,1970,3,7,0.592,0.781,-10.189,0.0686,0.0258,0.408,0.863,0.761,112.702,6.86
Live With Me - Live,Get Yer Ya Yas Out,1970,3,4,0.536,0.819,-9.023,0.0379,0.0154,0.0466,0.64,0.808,139.986,3.042883333333333
Little Queenie - Live,Get Yer Ya Yas Out,1970,3,4,0.508,0.763,-9.501,0.0402,0.213,0.838,0.843,0.962,124.948,4.552216666666666
Honky Tonk Women - Live,Get Yer Ya Yas Out,1970,3,5,0.413,0.753,-10.302,0.0542,0.0469,0.352,0.803,0.854,114.041,3.5737666666666668
Street Fighting Man - Live,Get Yer Ya Yas Out,1970,3,4,0.275,0.86,-8.33,0.0345,0.000207,0.779,0.937,0.596,134.944,4.058433333333333
Jumpin' Jack Flash - Live,Get Yer Ya-Ya's Out! (Remastered),1970,3,28,0.44,0.886,-9.092,0.0498,0.0321,0.677,0.978,0.625,137.722,4.052216666666666
Carol - Live,Get Yer Ya-Ya's Out! (Remastered),1970,3,26,0.606,0.894,-7.712,0.0396,0.248,0.604,0.989,0.911,138.056,3.7746666666666666
Stray Cat Blues - Live,Get Yer Ya-Ya's Out! (Remastered),1970,0,25,0.333,0.745,-8.368,0.0759,0.0332,0.278,0.705,0.527,167.045,3.7853333333333334
Love In Vain - Live,Get Yer Ya-Ya's Out! (Remastered),1970,2,25,0.488,0.351,-12.649,0.0292,0.4,0.261,0.935,0.191,80.2,4.9391
"Midnight Rambler - Live From Madison Square Garden, New York/1969",Get Yer Ya-Ya's Out! (Remastered),1970,0,28,0.433,0.704,-9.347,0.0774,0.259,0.346,0.98,0.487,134.759,9.0731
Sympathy For The Devil - Live,Get Yer Ya-Ya's Out! (Remastered),1970,3,31,0.587,0.833,-7.333,0.069,0.0167,0.588,0.839,0.748,112.586,6.864433333333333
Live With Me - Live,Get Yer Ya-Ya's Out! (Remastered),1970,3,24,0.533,0.863,-6.652,0.0354,0.0139,0.0977,0.586,0.751,139.993,3.04355
Little Queenie - Live,Get Yer Ya-Ya's Out! (Remastered),1970,3,24,0.495,0.811,-6.879,0.0392,0.151,0.785,0.66,0.964,126.69,4.554433333333333
Honky Tonk Women - Live,Get Yer Ya-Ya's Out! (Remastered),1970,3,25,0.412,0.787,-8.142,0.0505,0.0398,0.49,0.735,0.802,114.076,3.57155
Street Fighting Man - Live,Get Yer Ya-Ya's Out! (Remastered),1970,0,23,0.273,0.866,-7.598,0.0346,0.000129,0.784,0.962,0.513,134.906,4.07355
Jumpin' Jack Flash - Live,Get Yer Ya-Ya's Out! The Rolling Stones In Concert (40th Anniversary Edition),1970,3,31,0.443,0.884,-9.083,0.049,0.0325,0.679,0.978,0.616,137.62,4.052216666666666
Carol - Live,Get Yer Ya-Ya's Out! The Rolling Stones In Concert (40th Anniversary Edition),1970,3,27,0.607,0.897,-7.715,0.0383,0.244,0.593,0.99,0.915,138.05,3.7746666666666666
Stray Cat Blues - Live,Get Yer Ya-Ya's Out! The Rolling Stones In Concert (40th Anniversary Edition),1970,3,24,0.401,0.743,-8.37,0.0522,0.0333,0.253,0.705,0.508,84.056,3.7853333333333334
Love In Vain - Live,Get Yer Ya-Ya's Out! The Rolling Stones In Concert (40th Anniversary Edition),1970,2,24,0.446,0.349,-12.649,0.028,0.395,0.272,0.937,0.19,82.454,4.9391
"Midnight Rambler - Live From Madison Square Garden, New York/1969",Get Yer Ya-Ya's Out! The Rolling Stones In Concert (40th Anniversary Edition),1970,0,30,0.433,0.705,-9.348,0.0769,0.262,0.362,0.98,0.484,134.7,9.0731
Sympathy For The Devil - Live,Get Yer Ya-Ya's Out! The Rolling Stones In Concert (40th Anniversary Edition),1970,3,35,0.587,0.833,-7.331,0.0683,0.0163,0.581,0.851,0.748,112.5,6.864433333333333
Live With Me - Live,Get Yer Ya-Ya's Out! The Rolling Stones In Concert (40th Anniversary Edition),1970,3,22,0.53,0.863,-6.652,0.0358,0.0144,0.0989,0.587,0.742,139.991,3.04355
Little Queenie - Live,Get Yer Ya-Ya's Out! The Rolling Stones In Concert (40th Anniversary Edition),1970,3,27,0.506,0.812,-6.879,0.0389,0.149,0.793,0.666,0.964,124.917,4.554433333333333
Honky Tonk Women - Live,Get Yer Ya-Ya's Out! The Rolling Stones In Concert (40th Anniversary Edition),1970,3,28,0.412,0.79,-8.142,0.0499,0.0389,0.532,0.737,0.802,114.056,3.5712166666666665
Street Fighting Man - Live,Get Yer Ya-Ya's Out! The Rolling Stones In Concert (40th Anniversary Edition),1970,0,23,0.273,0.866,-7.598,0.0347,0.000128,0.79,0.961,0.501,134.891,4.106883333333333
"Prodigal Son - Live From Madison Square Garden, New York/1969",Get Yer Ya-Ya's Out! The Rolling Stones In Concert (40th Anniversary Edition),1970,2,19,0.57,0.786,-8.894,0.0594,0.742,0.00437,0.978,0.651,95.732,4.066883333333333
"You Gotta Move - Live From Madison Square Garden, New York/1969",Get Yer Ya-Ya's Out! The Rolling Stones In Concert (40th Anniversary Edition),1970,2,18,0.72,0.427,-8.863,0.0545,0.749,0.00095,0.39,0.802,73.459,2.310433333333333
"Under My Thumb - Live From Madison Square Garden, New York/1969",Get Yer Ya-Ya's Out! The Rolling Stones In Concert (40th Anniversary Edition),1970,3,27,0.603,0.855,-6.558,0.0302,0.0133,0.0924,0.48,0.853,124.742,3.6346666666666665
"I'm Free - Live From Madison Square Garden, New York/1969",Get Yer Ya-Ya's Out! The Rolling Stones In Concert (40th Anniversary Edition),1970,3,20,0.572,0.853,-6.887,0.0452,0.0385,0.0466,0.775,0.698,123.71,2.792883333333333
"(I Can't Get No) Satisfaction - Live From Madison Square Garden, New York/1969",Get Yer Ya-Ya's Out! The Rolling Stones In Concert (40th Anniversary Edition),1970,3,22,0.437,0.911,-6.859,0.0372,0.000298,0.64,0.966,0.885,144.338,5.6771
"Everyday I Have The Blues - Live From Madison Square Garden, New York/1969",Get Yer Ya-Ya's Out! The Rolling Stones In Concert (40th Anniversary Edition),1970,3,16,0.433,0.899,-6.651,0.106,0.0149,0.0,0.505,0.609,94.548,2.45125
"How Blue Can You Get - Live From Madison Square Garden, New York/1969",Get Yer Ya-Ya's Out! The Rolling Stones In Concert (40th Anniversary Edition),1970,2,16,0.415,0.669,-8.941,0.051,0.0679,0.000102,0.966,0.473,101.063,5.508216666666667
"That's Wrong Little Mama - Live From Madison Square Garden, New York/1969",Get Yer Ya-Ya's Out! The Rolling Stones In Concert (40th Anniversary Edition),1970,3,15,0.404,0.828,-7.408,0.0999,0.111,1.48e-05,0.374,0.57,147.663,4.184216666666667
"Why I Sing The Blues - Live From Madison Square Garden, New York/1969",Get Yer Ya-Ya's Out! The Rolling Stones In Concert (40th Anniversary Edition),1970,0,15,0.367,0.861,-6.251,0.0764,0.00993,0.00014,0.484,0.391,152.419,5.28065
"Please Accept My Love - Live From Madison Square Garden, New York/1969",Get Yer Ya-Ya's Out! The Rolling Stones In Concert (40th Anniversary Edition),1970,2,13,0.356,0.542,-10.208,0.0638,0.114,0.0,0.282,0.403,93.427,4.840883333333333
"Gimme Some Loving - Live From Madison Square Garden, New York/1969",Get Yer Ya-Ya's Out! The Rolling Stones In Concert (40th Anniversary Edition),1970,1,16,0.557,0.796,-9.312,0.0368,0.782,0.812,0.442,0.779,88.698,0.8326666666666667
"Sweet Soul Music - Live From Madison Square Garden, New York/1969",Get Yer Ya-Ya's Out! The Rolling Stones In Concert (40th Anniversary Edition),1970,3,19,0.617,0.868,-7.578,0.0955,0.403,0.000264,0.806,0.495,90.521,1.2757666666666667
"Son Of A Preacher Man - Live From Madison Square Garden, New York/1969",Get Yer Ya-Ya's Out! The Rolling Stones In Concert (40th Anniversary Edition),1970,1,37,0.433,0.667,-8.707,0.0802,0.301,0.0,0.534,0.854,85.883,2.8282166666666666
"Proud Mary - Live From Madison Square Garden, New York/1969",Get Yer Ya-Ya's Out! The Rolling Stones In Concert (40th Anniversary Edition),1970,3,21,0.396,0.82,-6.727,0.0362,0.242,0.00439,0.704,0.767,161.9,3.1173333333333333
"I've Been Loving You Too Long - Live From Madison Square Garden, New York/1969",Get Yer Ya-Ya's Out! The Rolling Stones In Concert (40th Anniversary Edition),1970,2,15,0.337,0.357,-10.567,0.0635,0.357,1.43e-06,0.607,0.0493,78.897,5.6771
"Come Together - Live From Madison Square Garden, New York/1969",Get Yer Ya-Ya's Out! The Rolling Stones In Concert (40th Anniversary Edition),1970,3,19,0.41,0.739,-6.758,0.0456,0.343,0.000695,0.588,0.502,171.746,3.6037666666666666
"Land Of A Thousand Dances - Live From Madison Square Garden, New York/1969",Get Yer Ya-Ya's Out! The Rolling Stones In Concert (40th Anniversary Edition),1970,3,16,0.397,0.858,-7.034,0.0409,0.205,0.396,0.387,0.826,106.948,2.671333333333333
Gimme Shelter - Remastered 2019,Let It Bleed (50th Anniversary Edition / Remastered 2019),1969,2,49,0.646,0.62,-8.468,0.032,0.533,0.024,0.148,0.515,118.579,4.50155
Love In Vain - Remastered 2019,Let It Bleed (50th Anniversary Edition / Remastered 2019),1969,2,41,0.376,0.478,-11.317,0.0374,0.242,0.0089,0.117,0.289,182.535,4.317983333333333
Country Honk - Remastered 2019,Let It Bleed (50th Anniversary Edition / Remastered 2019),1969,1,34,0.531,0.777,-10.516,0.0504,0.672,8.06e-06,0.308,0.864,121.11,3.1308833333333332
Live With Me - Remastered 2019,Let It Bleed (50th Anniversary Edition / Remastered 2019),1969,1,33,0.676,0.666,-8.952,0.0339,0.0078,0.0393,0.0843,0.936,129.593,3.5504333333333333
Let It Bleed - Remastered 2019,Let It Bleed (50th Anniversary Edition / Remastered 2019),1969,1,38,0.56,0.7,-7.765,0.0291,0.433,0.00334,0.17,0.85,116.235,5.463766666666666
Midnight Rambler - Remastered 2019,Let It Bleed (50th Anniversary Edition / Remastered 2019),1969,2,36,0.497,0.649,-10.091,0.0702,0.724,1.11e-05,0.287,0.527,129.845,6.8708833333333335
You Got The Silver - Remastered 2019,Let It Bleed (50th Anniversary Edition / Remastered 2019),1969,2,33,0.459,0.388,-10.474,0.0398,0.725,0.0224,0.141,0.592,94.636,2.84955
Monkey Man - Remastered 2019,Let It Bleed (50th Anniversary Edition / Remastered 2019),1969,2,38,0.417,0.772,-8.913,0.036,0.41,0.0282,0.0842,0.497,102.325,4.199333333333334
You Can't Always Get What You Want - Remastered 2019,Let It Bleed (50th Anniversary Edition / Remastered 2019),1969,2,43,0.332,0.652,-9.099,0.0588,0.641,6.4e-05,0.122,0.515,90.184,7.500216666666667
Gimme Shelter,Let It Bleed,1969,2,31,0.633,0.649,-8.272,0.0311,0.464,0.0363,0.17,0.457,118.629,4.512666666666667
Love In Vain,Let It Bleed,1969,2,12,0.378,0.467,-11.822,0.0358,0.249,0.006,0.114,0.272,180.225,4.318433333333333
Country Honk,Let It Bleed,1969,1,13,0.53,0.763,-10.939,0.0509,0.627,1.54e-05,0.276,0.872,120.97,3.124433333333333
Live With Me,Let It Bleed,1969,1,11,0.673,0.632,-9.959,0.0335,0.00646,0.035,0.0808,0.942,129.591,3.552216666666667
Let It Bleed,Let It Bleed,1969,1,13,0.557,0.688,-8.241,0.0291,0.434,0.00106,0.277,0.86,116.229,5.464433333333333
Midnight Rambler,Let It Bleed,1969,2,14,0.489,0.658,-10.287,0.0866,0.776,3.42e-06,0.243,0.551,129.006,6.879333333333333
You Got The Silver,Let It Bleed,1969,2,11,0.477,0.378,-11.108,0.0422,0.741,0.0237,0.139,0.551,139.45,2.84
Monkey Man,Let It Bleed,1969,2,13,0.414,0.772,-9.324,0.035,0.517,0.0634,0.0849,0.533,102.113,4.1911
You Can't Always Get What You Want,Let It Bleed,1969,2,27,0.313,0.625,-9.631,0.0651,0.652,6.4e-05,0.258,0.487,84.044,7.479333333333333
Gimme Shelter,Let It Bleed,1969,2,76,0.634,0.63,-8.277,0.031,0.447,0.039,0.17,0.489,118.628,4.512883333333333
Love In Vain,Let It Bleed,1969,2,42,0.371,0.482,-11.795,0.0355,0.278,0.00468,0.116,0.295,184.36,4.318433333333333
Country Honk,Let It Bleed,1969,1,40,0.531,0.759,-10.992,0.0521,0.627,7.04e-06,0.351,0.888,120.96,3.124433333333333
Live With Me,Let It Bleed,1969,1,39,0.681,0.633,-9.997,0.0352,0.00869,0.049,0.0848,0.954,129.591,3.552216666666667
Let It Bleed,Let It Bleed,1969,1,50,0.558,0.684,-8.246,0.0288,0.433,0.00293,0.226,0.867,116.232,5.464666666666667
Midnight Rambler,Let It Bleed,1969,2,48,0.403,0.658,-10.285,0.118,0.772,3.96e-06,0.166,0.512,75.488,6.879333333333333
You Got The Silver,Let It Bleed,1969,2,42,0.471,0.371,-11.123,0.0423,0.756,0.0272,0.137,0.543,143.892,2.83955
Monkey Man,Let It Bleed,1969,2,50,0.406,0.768,-9.321,0.0374,0.507,0.0473,0.0825,0.55,99.855,4.190883333333334
You Can't Always Get What You Want,Let It Bleed,1969,2,67,0.32,0.62,-9.686,0.0594,0.64,6.36e-05,0.253,0.472,86.327,7.478666666666666
Sympathy For The Devil - 50th Anniversary Edition,Beggars Banquet (50th Anniversary Edition),1968,2,73,0.702,0.668,-9.237,0.214,0.518,0.0,0.0588,0.561,116.063,6.302433333333333
No Expectations - 50th Anniversary Edition,Beggars Banquet (50th Anniversary Edition),1968,2,44,0.302,0.275,-12.281,0.0306,0.536,0.00959,0.118,0.293,182.368,3.95
Dear Doctor - 50th Anniversary Edition,Beggars Banquet (50th Anniversary Edition),1968,1,37,0.604,0.453,-8.273,0.0307,0.0953,1.61e-05,0.142,0.422,126.453,3.3657666666666666
Parachute Woman - 50th Anniversary Edition,Beggars Banquet (50th Anniversary Edition),1968,1,37,0.519,0.63,-7.518,0.0647,0.455,0.367,0.168,0.839,114.416,2.3357666666666668
Jigsaw Puzzle - 50th Anniversary Edition,Beggars Banquet (50th Anniversary Edition),1968,1,37,0.41,0.677,-8.984,0.0454,0.237,6.44e-06,0.0695,0.769,113.606,6.1146666666666665
Street Fighting Man - 50th Anniversary Edition,Beggars Banquet (50th Anniversary Edition),1968,3,56,0.583,0.855,-7.213,0.0333,0.1,0.0177,0.262,0.69,128.178,3.2524333333333333
Prodigal Son - 50th Anniversary Edition,Beggars Banquet (50th Anniversary Edition),1968,2,37,0.627,0.597,-9.095,0.0558,0.435,0.00734,0.128,0.0938,108.286,2.8657666666666666
Stray Cat Blues - 50th Anniversary Edition,Beggars Banquet (50th Anniversary Edition),1968,3,41,0.349,0.831,-6.425,0.0514,0.0031,0.00916,0.0882,0.428,104.747,4.63355
Factory Girl - 50th Anniversary Edition,Beggars Banquet (50th Anniversary Edition),1968,1,37,0.443,0.462,-9.74,0.0351,0.203,1.22e-06,0.142,0.447,177.096,2.16555
Salt Of The Earth - 50th Anniversary Edition,Beggars Banquet (50th Anniversary Edition),1968,2,38,0.389,0.777,-6.534,0.0404,0.155,2.62e-06,0.141,0.365,96.902,4.82555
Sympathy For The Devil,Beggars Banquet,1968,2,45,0.658,0.675,-10.967,0.242,0.604,0.0,0.0428,0.587,115.574,6.296
No Expectations,Beggars Banquet,1968,2,12,0.473,0.274,-13.001,0.027,0.588,0.0124,0.125,0.281,92.424,3.9322166666666667
Dear Doctor,Beggars Banquet,1968,1,8,0.597,0.449,-8.748,0.0318,0.149,0.0,0.204,0.461,126.164,3.36
Parachute Woman,Beggars Banquet,1968,1,9,0.526,0.601,-9.729,0.0435,0.438,0.259,0.099,0.858,113.666,2.3322166666666666
Jigsaw Puzzle,Beggars Banquet,1968,2,8,0.4,0.645,-10.85,0.0435,0.328,5.63e-06,0.0653,0.747,114.004,6.090433333333333
Street Fighting Man,Beggars Banquet,1968,1,20,0.563,0.756,-10.069,0.0314,0.0117,0.00889,0.215,0.751,128.123,3.2462166666666668
Prodigal Son,Beggars Banquet,1968,2,7,0.613,0.556,-10.682,0.0575,0.544,0.00281,0.128,0.083,108.167,2.8428833333333334
Stray Cat Blues,Beggars Banquet,1968,2,10,0.344,0.795,-9.367,0.0476,0.0167,0.00592,0.0849,0.401,104.944,4.618883333333334
Factory Girl,Beggars Banquet,1968,2,7,0.481,0.408,-11.801,0.0365,0.408,0.0,0.132,0.472,150.476,2.1371
Salt Of The Earth,Beggars Banquet,1968,2,7,0.372,0.786,-7.47,0.046,0.299,4.54e-06,0.282,0.379,97.394,4.7911
Sing This All Together,Their Satanic Majesties Request,1967,2,6,0.582,0.721,-12.072,0.0475,0.756,0.000888,0.5,0.549,121.929,3.7922166666666666
Citadel,Their Satanic Majesties Request,1967,1,7,0.298,0.59,-10.412,0.0396,0.0484,5.77e-05,0.0964,0.61,114.813,2.8471
In Another Land,Their Satanic Majesties Request,1967,2,6,0.309,0.515,-12.931,0.0373,0.528,0.000421,0.398,0.367,99.842,3.2262166666666667
2000 Man,Their Satanic Majesties Request,1967,1,8,0.452,0.485,-8.128,0.0445,0.0161,0.0597,0.442,0.52,122.318,3.128433333333333
Sing This All Together (See What Happens),Their Satanic Majesties Request,1967,2,4,0.486,0.829,-12.982,0.0973,0.784,0.262,0.129,0.191,126.218,8.56
She's A Rainbow - Full Version / With Intro,Their Satanic Majesties Request,1967,2,20,0.458,0.798,-9.135,0.042,0.488,0.0214,0.488,0.533,109.143,4.586
The Lantern,Their Satanic Majesties Request,1967,2,5,0.377,0.354,-13.901,0.0326,0.566,0.00939,0.0831,0.263,98.194,4.381766666666667
Gomper,Their Satanic Majesties Request,1967,2,4,0.369,0.535,-12.389,0.0359,0.748,0.609,0.158,0.263,127.239,5.147333333333333
2000 Light Years From Home,Their Satanic Majesties Request,1967,2,10,0.325,0.63,-13.65,0.0475,0.00256,0.00611,0.14,0.291,122.307,4.749333333333333
On With The Show,Their Satanic Majesties Request,1967,2,4,0.515,0.859,-11.294,0.18,0.674,4.55e-06,0.389,0.65,114.361,3.6871
Sing This All Together - Remastered 2017 / Stereo,Their Satanic Majesties Request (50th Anniversary Special Edition / Remastered),1967,2,29,0.577,0.815,-9.603,0.0569,0.723,0.000169,0.547,0.461,121.915,3.776666666666667
Citadel - Remastered 2017 / Stereo,Their Satanic Majesties Request (50th Anniversary Special Edition / Remastered),1967,1,41,0.247,0.66,-7.631,0.0369,0.0148,0.000286,0.0884,0.612,114.801,2.8473333333333333
In Another Land - Remastered 2017 / Stereo,Their Satanic Majesties Request (50th Anniversary Special Edition / Remastered),1967,2,30,0.301,0.637,-10.152,0.0394,0.403,0.000333,0.345,0.321,100.082,3.2546666666666666
2000 Man - Remastered 2017 / Stereo,Their Satanic Majesties Request (50th Anniversary Special Edition / Remastered),1967,2,44,0.424,0.555,-5.45,0.0408,0.00164,0.0243,0.462,0.31,122.232,3.1271
Sing This All Together (See What Happens) - Remastered 2017 / Stereo,Their Satanic Majesties Request (50th Anniversary Special Edition / Remastered),1967,2,25,0.484,0.867,-10.248,0.0897,0.707,0.0851,0.117,0.203,126.16,8.56355
She’s A Rainbow - Remastered 2017 / Stereo,Their Satanic Majesties Request (50th Anniversary Special Edition / Remastered),1967,2,45,0.466,0.81,-7.669,0.0411,0.547,0.017,0.431,0.58,109.16,4.582216666666667
The Lantern - Remastered 2017 / Stereo,Their Satanic Majesties Request (50th Anniversary Special Edition / Remastered),1967,2,28,0.407,0.399,-12.781,0.0325,0.466,0.0098,0.0806,0.29,98.634,4.392666666666667
Gomper - Remastered 2017 / Stereo,Their Satanic Majesties Request (50th Anniversary Special Edition / Remastered),1967,2,25,0.36,0.595,-10.074,0.0337,0.756,0.618,0.144,0.273,134.097,5.145766666666667
2000 Light Years From Home - Stereo / Remastered,Their Satanic Majesties Request (50th Anniversary Special Edition / Remastered),1967,2,39,0.347,0.679,-11.91,0.0466,0.00171,0.00477,0.158,0.275,122.269,4.748216666666667
On With The Show - Remastered 2017 / Stereo,Their Satanic Majesties Request (50th Anniversary Special Edition / Remastered),1967,2,25,0.51,0.882,-10.384,0.193,0.659,4.71e-06,0.38,0.653,114.386,3.689766666666667
Sing This All Together - Mono,Their Satanic Majesties Request (50th Anniversary Special Edition / Remastered),1967,2,20,0.551,0.817,-9.237,0.0443,0.714,0.0026,0.615,0.517,121.997,3.7737666666666665
Citadel - Mono,Their Satanic Majesties Request (50th Anniversary Special Edition / Remastered),1967,3,23,0.279,0.674,-7.065,0.037,0.0578,3.16e-06,0.107,0.538,113.436,2.8506666666666667
In Another Land - Mono,Their Satanic Majesties Request (50th Anniversary Special Edition / Remastered),1967,2,19,0.313,0.722,-9.193,0.0462,0.489,8.48e-06,0.331,0.323,99.476,3.2248833333333335
2000 Man - Mono,Their Satanic Majesties Request (50th Anniversary Special Edition / Remastered),1967,1,21,0.441,0.54,-7.423,0.051,0.0878,0.00116,0.391,0.566,121.754,3.136216666666667
Sing This All Together (See What Happens) - Mono,Their Satanic Majesties Request (50th Anniversary Special Edition / Remastered),1967,2,17,0.461,0.862,-9.889,0.11,0.743,0.045,0.106,0.138,125.964,8.654433333333333
She's A Rainbow - Mono,Their Satanic Majesties Request (50th Anniversary Special Edition / Remastered),1967,2,25,0.438,0.757,-7.443,0.0439,0.726,0.00167,0.433,0.569,108.839,4.596666666666667
The Lantern - Mono,Their Satanic Majesties Request (50th Anniversary Special Edition / Remastered),1967,2,17,0.398,0.504,-9.04,0.0322,0.4,0.0187,0.0704,0.295,98.459,4.427333333333333
Gomper - Mono,Their Satanic Majesties Request (50th Anniversary Special Edition / Remastered),1967,2,16,0.387,0.665,-7.49,0.0347,0.757,0.714,0.0974,0.194,126.789,5.17
2000 Light Years From Home - Mono,Their Satanic Majesties Request (50th Anniversary Special Edition / Remastered),1967,2,18,0.341,0.706,-10.117,0.0627,0.00322,9.89e-05,0.115,0.237,122.953,4.7442166666666665
On With The Show - Mono,Their Satanic Majesties Request (50th Anniversary Special Edition / Remastered),1967,2,15,0.51,0.918,-8.36,0.153,0.704,1.19e-05,0.428,0.552,113.995,3.7053333333333334
Ruby Tuesday,Flowers,1967,2,17,0.509,0.553,-10.892,0.0289,0.823,1.81e-06,0.216,0.502,104.48,3.2784333333333335
"Have You Seen Your Mother, Baby, Standing In The Shadow? - Mono Version",Flowers,1967,3,10,0.387,0.84,-5.63,0.0374,0.254,0.77,0.237,0.468,100.395,2.566883333333333
Let's Spend The Night Together,Flowers,1967,2,17,0.558,0.795,-7.853,0.0521,0.678,0.0,0.238,0.562,140.823,3.594883333333333
Lady Jane - Stereo Version,Flowers,1967,2,8,0.603,0.303,-16.415,0.0323,0.52,9.61e-05,0.0913,0.322,103.131,3.124433333333333
Out Of Time - Edit Version,Flowers,1967,1,12,0.663,0.709,-9.371,0.0896,0.55,0.0,0.0856,0.61,125.503,3.687333333333333
My Girl,Flowers,1967,2,13,0.588,0.576,-7.827,0.0372,0.687,0.114,0.312,0.752,110.272,2.632216666666667
Back Street Girl,Flowers,1967,1,5,0.521,0.246,-12.915,0.0269,0.0172,0.0,0.0967,0.521,77.352,3.4462166666666665
Please Go Home,Flowers,1967,1,3,0.491,0.696,-9.768,0.0453,0.562,0.000476,0.156,0.75,112.003,3.2866666666666666
Mother's Little Helper,Flowers,1967,1,13,0.6,0.619,-7.168,0.0283,0.062,4.57e-05,0.323,0.716,101.106,2.7711
Take It Or Leave It,Flowers,1967,1,3,0.645,0.533,-12.594,0.0276,0.155,5.11e-05,0.284,0.781,104.389,2.7684333333333333
Ride On Baby,Flowers,1967,1,4,0.555,0.663,-9.956,0.0296,0.393,0.0,0.234,0.851,131.221,2.87555
Sittin' On A Fence,Flowers,1967,1,4,0.63,0.454,-10.048,0.0244,0.251,0.000112,0.124,0.672,101.591,3.046666666666667
Ruby Tuesday,Flowers,1967,2,34,0.523,0.56,-10.781,0.0286,0.823,1.89e-06,0.204,0.504,104.582,3.2802166666666666
"Have You Seen Your Mother, Baby, Standing In The Shadow? - Mono Version",Flowers,1967,3,34,0.373,0.834,-5.49,0.0366,0.283,0.769,0.235,0.486,100.54,2.566666666666667
Let's Spend The Night Together,Flowers,1967,2,41,0.566,0.795,-7.755,0.0498,0.689,0.0,0.249,0.572,140.859,3.596
Lady Jane - Mono Version,Flowers,1967,2,27,0.336,0.315,-16.325,0.0427,0.546,8.95e-05,0.0809,0.293,204.996,3.1251
Out Of Time - Edit Version,Flowers,1967,1,34,0.656,0.71,-9.275,0.0982,0.569,0.0,0.0794,0.667,125.869,3.6884333333333332
My Girl,Flowers,1967,2,36,0.589,0.567,-7.774,0.0342,0.679,0.175,0.335,0.731,110.531,2.63555
Back Street Girl,Flowers,1967,1,28,0.527,0.248,-12.781,0.027,0.0182,0.0,0.0986,0.515,77.397,3.4462166666666665
Please Go Home,Flowers,1967,2,23,0.494,0.7,-9.661,0.0478,0.571,0.000224,0.161,0.704,112.031,3.2884333333333333
Mother's Little Helper,Flowers,1967,1,32,0.602,0.652,-6.974,0.0281,0.0585,2.04e-05,0.317,0.685,101.083,2.7724333333333333
Take It Or Leave It,Flowers,1967,1,24,0.646,0.54,-12.483,0.0277,0.153,6.63e-05,0.285,0.753,104.4,2.7702166666666668
Ride On Baby,Flowers,1967,1,26,0.55,0.671,-9.861,0.0302,0.364,0.0,0.24,0.853,131.218,2.8766666666666665
Sittin' On A Fence,Flowers,1967,1,30,0.631,0.455,-9.942,0.0251,0.243,6.51e-05,0.141,0.631,101.881,3.04755
Yesterday's Papers,Between The Buttons,1967,1,1,0.601,0.565,-8.169,0.0279,0.148,0.0,0.246,0.259,139.798,2.0611
My Obsession,Between The Buttons,1967,1,1,0.646,0.807,-9.094,0.122,0.271,1.02e-06,0.0417,0.533,144.095,3.2777666666666665
Back Street Girl,Between The Buttons,1967,1,1,0.412,0.242,-12.927,0.0275,0.0189,0.0,0.0938,0.548,154.489,3.44955
Connection,Between The Buttons,1967,1,2,0.65,0.679,-11.996,0.0473,0.159,2.42e-05,0.207,0.567,86.585,2.1311
She Smiled Sweetly,Between The Buttons,1967,2,2,0.337,0.3,-12.182,0.132,0.091,0.00469,0.12,0.21,191.37,2.74555
"Cool, Calm And Collected",Between The Buttons,1967,3,1,0.551,0.835,-6.786,0.0477,0.346,0.0431,0.078,0.697,107.751,4.303333333333334
Please Go Home,Between The Buttons,1967,1,1,0.689,0.683,-9.406,0.0372,0.433,1.06e-05,0.1,0.8,117.494,2.2922166666666666
All Sold Out,Between The Buttons,1967,2,0,0.497,0.751,-8.733,0.0444,0.568,0.000227,0.217,0.734,112.025,3.2884333333333333
Who's Been Sleeping Here?,Between The Buttons,1967,1,1,0.536,0.617,-8.096,0.0364,0.196,2.27e-06,0.118,0.644,115.908,3.9206666666666665
Complicated,Between The Buttons,1967,1,2,0.633,0.683,-12.413,0.0365,0.154,5.27e-05,0.105,0.83,146.852,3.2477666666666667
Miss Amanda Jones,Between The Buttons,1967,1,1,0.392,0.826,-10.864,0.0622,0.164,0.0,0.16,0.784,159.009,2.78
Something Happened To Me Yesterday,Between The Buttons,1967,2,1,0.641,0.525,-9.474,0.108,0.763,0.0,0.53,0.565,143.883,4.917333333333334
Let's Spend The Night Together,Between The Buttons (US track listing),1967,2,22,0.559,0.791,-7.73,0.0498,0.68,0.0,0.323,0.552,140.827,3.5982166666666666
Yesterday's Papers,Between The Buttons (US track listing),1967,1,2,0.592,0.584,-8.122,0.0286,0.135,0.0,0.179,0.268,139.886,2.0544333333333333
Ruby Tuesday,Between The Buttons (US track listing),1967,2,24,0.526,0.562,-10.782,0.0295,0.824,1.16e-06,0.176,0.517,104.701,3.2744333333333335
Connection,Between The Buttons (US track listing),1967,1,3,0.563,0.683,-11.897,0.0548,0.155,0.000132,0.233,0.578,172.324,2.12955
She Smiled Sweetly,Between The Buttons (US track listing),1967,2,3,0.342,0.3,-12.071,0.113,0.0977,0.00419,0.122,0.211,190.878,2.74555
"Cool, Calm And Collected",Between The Buttons (US track listing),1967,3,1,0.603,0.843,-6.651,0.0477,0.356,0.0523,0.196,0.746,107.831,4.25155
All Sold Out,Between The Buttons (US track listing),1967,1,1,0.69,0.68,-9.248,0.0358,0.448,1.25e-05,0.0968,0.845,117.481,2.292883333333333
My Obsession,Between The Buttons (US track listing),1967,1,2,0.646,0.817,-9.009,0.128,0.207,2.24e-06,0.0672,0.557,144.101,3.2788833333333334
Who's Been Sleeping Here?,Between The Buttons (US track listing),1967,1,1,0.546,0.618,-7.962,0.0355,0.192,2.14e-06,0.12,0.666,115.733,3.9211
Complicated,Between The Buttons (US track listing),1967,1,2,0.633,0.68,-12.32,0.0358,0.149,9.81e-05,0.118,0.821,145.999,3.2482166666666665
Miss Amanda Jones,Between The Buttons (US track listing),1967,1,1,0.384,0.83,-10.809,0.0641,0.173,0.0,0.183,0.782,159.564,2.780666666666667
Something Happened To Me Yesterday,Between The Buttons (US track listing),1967,2,1,0.648,0.532,-9.344,0.101,0.766,0.0,0.418,0.558,144.384,4.917766666666667
Let's Spend The Night Together,Between The Buttons,1967,2,53,0.562,0.793,-7.774,0.0526,0.705,0.0,0.222,0.57,140.838,3.5986666666666665
Yesterday's Papers,Between The Buttons,1967,1,29,0.595,0.576,-8.103,0.029,0.14,0.0,0.192,0.238,139.885,2.0544333333333333
Ruby Tuesday,Between The Buttons,1967,2,63,0.524,0.553,-10.767,0.0292,0.831,0.0,0.174,0.517,104.578,3.2748833333333334
Connection,Between The Buttons,1967,1,33,0.663,0.689,-11.904,0.0499,0.16,4.71e-05,0.334,0.556,86.588,2.1293333333333333
She Smiled Sweetly,Between The Buttons,1967,2,28,0.338,0.303,-12.023,0.128,0.0906,0.00441,0.122,0.223,191.321,2.7471
"Cool, Calm And Collected",Between The Buttons,1967,3,27,0.62,0.853,-6.636,0.0527,0.342,0.0391,0.175,0.721,107.969,4.252
All Sold Out,Between The Buttons,1967,1,24,0.692,0.681,-9.265,0.0348,0.44,1.33e-05,0.0978,0.84,117.518,2.2944333333333335
My Obsession,Between The Buttons,1967,1,25,0.648,0.821,-8.978,0.116,0.216,1.38e-06,0.0712,0.611,144.092,3.2804333333333333
Who's Been Sleeping Here?,Between The Buttons,1967,1,25,0.549,0.614,-7.965,0.0329,0.184,2.2e-06,0.118,0.691,115.74,3.9222166666666665
Complicated,Between The Buttons,1967,1,26,0.632,0.677,-12.32,0.0373,0.146,0.000105,0.115,0.816,146.023,3.2493333333333334
Miss Amanda Jones,Between The Buttons,1967,1,29,0.431,0.831,-10.805,0.062,0.175,0.0,0.159,0.791,78.891,2.7813333333333334
Something Happened To Me Yesterday,Between The Buttons,1967,2,25,0.632,0.529,-9.39,0.108,0.776,0.0,0.405,0.568,144.267,4.91755
Yesterday's Papers,Between The Buttons (UK Version),1967,1,19,0.589,0.567,-8.126,0.0292,0.125,0.0,0.216,0.25,139.852,2.06355
My Obsession,Between The Buttons (UK Version),1967,1,18,0.643,0.816,-9.03,0.128,0.222,2.15e-06,0.0683,0.585,143.905,3.27955
Back Street Girl,Between The Buttons (UK Version),1967,1,27,0.417,0.25,-12.772,0.0273,0.0193,0.0,0.0935,0.524,154.213,3.4506666666666668
Connection,Between The Buttons (UK Version),1967,1,19,0.567,0.688,-11.893,0.0551,0.143,4.72e-05,0.307,0.573,172.871,2.132433333333333
She Smiled Sweetly,Between The Buttons (UK Version),1967,2,36,0.339,0.296,-12.079,0.119,0.0951,0.00482,0.121,0.224,191.566,2.7468833333333333
"Cool, Calm And Collected",Between The Buttons (UK Version),1967,1,17,0.622,0.851,-6.67,0.0468,0.359,0.0532,0.0711,0.741,107.938,4.3051
All Sold Out,Between The Buttons (UK Version),1967,1,16,0.694,0.681,-9.257,0.0371,0.429,1.28e-05,0.099,0.805,117.521,2.294216666666667
Please Go Home,Between The Buttons (UK Version),1967,1,18,0.496,0.752,-8.612,0.0436,0.555,0.000602,0.215,0.754,112.012,3.288883333333333
Who's Been Sleeping Here?,Between The Buttons (UK Version),1967,1,15,0.549,0.613,-7.945,0.0337,0.202,2.49e-06,0.118,0.645,115.735,3.9222166666666665
Complicated,Between The Buttons (UK Version),1967,1,17,0.636,0.675,-12.369,0.0371,0.148,8.56e-05,0.106,0.805,145.915,3.2491
Miss Amanda Jones,Between The Buttons (UK Version),1967,1,17,0.419,0.827,-10.801,0.0611,0.184,0.0,0.198,0.782,78.466,2.7813333333333334
Something Happened To Me Yesterday,Between The Buttons (UK Version),1967,2,16,0.648,0.529,-9.36,0.101,0.752,0.0,0.407,0.573,144.127,4.92355
Under My Thumb - Live,got LIVE if you want it!,1966,0,21,0.349,0.936,-9.109,0.126,0.000808,0.00331,0.764,0.45,145.821,2.8991
Get Off of My Cloud - Live,got LIVE if you want it!,1966,0,16,0.285,0.902,-7.919,0.0732,0.0225,0.0,0.714,0.686,144.676,2.9013333333333335
Lady Jane - Live,got LIVE if you want it!,1966,2,17,0.323,0.615,-10.935,0.0318,0.00759,0.111,0.82,0.315,107.369,3.1357666666666666
Not Fade Away - Live,got LIVE if you want it!,1966,3,14,0.511,0.955,-8.749,0.0945,0.000866,0.86,0.814,0.525,122.436,2.0613333333333332
I've Been Loving You Too Long - Live,got LIVE if you want it!,1966,2,18,0.265,0.661,-8.938,0.0388,0.446,0.175,0.35,0.0393,170.581,2.91
Fortune Teller - Live,got LIVE if you want it!,1966,0,14,0.333,0.992,-7.349,0.141,0.00418,1.8e-05,0.188,0.239,173.877,1.9486666666666668
The Last Time - Live,got LIVE if you want it!,1966,0,13,0.118,0.933,-6.996,0.117,0.046,0.0,0.529,0.414,205.02,3.1302166666666666
19th Nervous Breakdown - Live,got LIVE if you want it!,1966,0,16,0.313,0.912,-6.978,0.0605,0.00938,0.0,0.902,0.493,105.424,3.5137666666666667
Time Is On My Side - Live,got LIVE if you want it!,1966,0,13,0.172,0.802,-7.373,0.0542,0.222,0.16,0.541,0.462,196.46,2.8122166666666666
I'm Alright - Live,got LIVE if you want it!,1966,0,12,0.409,0.962,-7.784,0.0669,0.0192,0.0814,0.937,0.405,119.481,2.44155
"Have You Seen Your Mother, Baby, Standing In The Shadow? - Live",got LIVE if you want it!,1966,3,13,0.422,0.926,-7.398,0.0438,0.0231,0.017,0.903,0.448,109.303,2.3204333333333333
(I Can't Get No) Satisfaction - Live,got LIVE if you want it!,1966,0,17,0.261,0.948,-8.118,0.0575,8.94e-06,0.0359,0.299,0.496,156.653,3.076
Under My Thumb - Live,Got Live if you want it!,1966,0,1,0.347,0.938,-9.049,0.128,0.000695,0.00346,0.753,0.442,145.79,2.8988833333333335
Get Off of My Cloud - Live,Got Live if you want it!,1966,3,1,0.302,0.897,-7.907,0.0596,0.0184,0.0,0.732,0.78,144.78,2.9011
Lady Jane - Live,Got Live if you want it!,1966,2,1,0.314,0.589,-10.889,0.0334,0.0108,0.147,0.81,0.322,106.84,3.136
Not Fade Away - Live,Got Live if you want it!,1966,3,0,0.515,0.948,-8.779,0.0997,0.000754,0.89,0.814,0.542,122.533,2.0611
I've Been Loving You Too Long - Live,Got Live if you want it!,1966,2,1,0.265,0.667,-8.868,0.0376,0.452,0.166,0.354,0.0395,170.214,2.91
Fortune Teller - Live,Got Live if you want it!,1966,0,0,0.332,0.989,-7.366,0.149,0.00359,1.3e-05,0.221,0.301,173.877,1.9488833333333333
The Last Time - Live,Got Live if you want it!,1966,3,0,0.339,0.936,-7.042,0.0638,0.0508,0.0,0.558,0.466,103.362,3.13
19th Nervous Breakdown - Live,Got Live if you want it!,1966,0,1,0.309,0.912,-7.023,0.062,0.00933,2.6e-06,0.916,0.534,105.24,3.514
Time Is On My Side - Live,Got Live if you want it!,1966,3,1,0.379,0.796,-7.359,0.0423,0.169,0.38,0.589,0.419,65.99,2.8122166666666666
I'm Alright - Live,Got Live if you want it!,1966,3,0,0.414,0.942,-7.757,0.0629,0.0136,0.132,0.94,0.53,119.475,2.44155
"Have You Seen Your Mother, Baby, Standing In The Shadow? - Live",Got Live if you want it!,1966,3,0,0.427,0.915,-7.401,0.0446,0.0256,0.0179,0.89,0.476,109.26,2.320666666666667
(I Can't Get No) Satisfaction - Live,Got Live if you want it!,1966,3,2,0.254,0.95,-8.124,0.0573,9.21e-06,0.0601,0.295,0.519,156.583,3.076
"Paint It, Black",Aftermath,1966,1,80,0.464,0.795,-9.267,0.0926,0.0493,0.00244,0.399,0.612,158.691,3.3711
Stupid Girl,Aftermath,1966,1,39,0.694,0.802,-11.918,0.0577,0.173,0.486,0.152,0.903,130.879,2.9231
Lady Jane - Mono Version,Aftermath,1966,2,44,0.6,0.303,-16.408,0.0318,0.516,0.000123,0.0832,0.31,102.998,3.1346666666666665
Under My Thumb,Aftermath,1966,1,64,0.732,0.494,-13.571,0.0406,0.299,0.205,0.0919,0.799,126.986,3.6922166666666665
Doncha Bother Me,Aftermath,1966,1,36,0.544,0.812,-11.191,0.0592,0.516,0.0031,0.11,0.783,123.269,2.6864333333333335
Think,Aftermath,1966,1,35,0.612,0.603,-12.08,0.0438,0.00507,0.134,0.18,0.606,133.038,3.15755
Flight 505,Aftermath,1966,1,35,0.564,0.664,-11.224,0.0487,0.0577,0.0154,0.213,0.868,134.068,3.45155
High And Dry,Aftermath,1966,1,33,0.552,0.489,-13.629,0.0417,0.0492,0.00725,0.169,0.754,114.052,3.1333333333333333
It's Not Easy,Aftermath,1966,1,34,0.644,0.824,-11.15,0.0512,0.686,3.06e-05,0.577,0.822,135.595,2.9377666666666666
I Am Waiting,Aftermath,1966,2,39,0.63,0.396,-14.73,0.039,0.572,2.65e-05,0.083,0.604,88.699,3.1822166666666667
Going Home,Aftermath,1966,2,35,0.5,0.519,-13.094,0.0531,0.0677,0.0759,0.223,0.472,130.685,11.2211
Mother's Little Helper,Aftermath (UK Version),1966,1,19,0.578,0.553,-11.725,0.031,0.013,8.84e-06,0.269,0.708,101.731,2.7493333333333334
Stupid Girl,Aftermath (UK Version),1966,1,3,0.693,0.804,-11.832,0.0634,0.169,0.596,0.25,0.901,130.876,2.9122166666666667
Lady Jane - Stereo Version,Aftermath (UK Version),1966,2,8,0.337,0.308,-16.301,0.0439,0.536,4.12e-05,0.0845,0.322,204.801,3.134
Under My Thumb,Aftermath (UK Version),1966,1,15,0.732,0.487,-13.472,0.0419,0.293,0.16,0.091,0.766,126.949,3.6922166666666665
Doncha Bother Me,Aftermath (UK Version),1966,1,2,0.547,0.823,-11.102,0.0595,0.605,0.00754,0.11,0.812,123.283,2.686
Going Home,Aftermath (UK Version),1966,2,3,0.502,0.519,-13.018,0.0506,0.0648,0.0661,0.207,0.465,130.61,11.2211
Flight 505,Aftermath (UK Version),1966,1,2,0.555,0.687,-11.168,0.047,0.0685,0.0115,0.293,0.868,134.11,3.45155
High And Dry,Aftermath (UK Version),1966,1,1,0.557,0.498,-13.576,0.0445,0.0537,0.00547,0.208,0.764,114.054,3.1333333333333333
Out Of Time - Long Version,Aftermath (UK Version),1966,2,9,0.653,0.617,-10.856,0.0706,0.674,0.0,0.125,0.706,126.711,5.614883333333333
It's Not Easy,Aftermath (UK Version),1966,1,1,0.64,0.828,-11.075,0.049,0.682,1.05e-05,0.581,0.821,135.576,2.9377666666666666
I Am Waiting,Aftermath (UK Version),1966,2,3,0.628,0.37,-14.689,0.038,0.589,3.41e-05,0.0849,0.656,88.592,3.18155
Take It Or Leave It,Aftermath (UK Version),1966,1,2,0.639,0.518,-12.548,0.0287,0.138,7.05e-05,0.163,0.791,104.561,2.788883333333333
Think,Aftermath (UK Version),1966,1,1,0.609,0.61,-11.933,0.0438,0.00389,0.0606,0.17,0.655,132.891,3.16155
What To Do - Stereo Version,Aftermath (UK Version),1966,1,1,0.609,0.507,-13.269,0.0423,0.539,0.00102,0.221,0.834,124.201,2.542883333333333
Mother's Little Helper,Aftermath (UK Version),1966,1,52,0.582,0.545,-11.677,0.0298,0.017,4.05e-06,0.229,0.721,101.691,2.7482166666666665
Stupid Girl,Aftermath (UK Version),1966,1,23,0.7,0.811,-11.837,0.0589,0.188,0.55,0.256,0.891,130.895,2.9126666666666665
Lady Jane - Mono Version,Aftermath (UK Version),1966,2,25,0.334,0.312,-16.304,0.0454,0.572,2.76e-05,0.0749,0.296,205.687,3.134
Under My Thumb,Aftermath (UK Version),1966,1,32,0.733,0.487,-13.462,0.0417,0.307,0.172,0.0887,0.782,126.994,3.692
Doncha Bother Me,Aftermath (UK Version),1966,1,22,0.557,0.827,-11.175,0.0541,0.558,0.00563,0.109,0.79,123.09,2.686
Going Home,Aftermath (UK Version),1966,2,14,0.513,0.513,-13.006,0.051,0.069,0.0865,0.21,0.456,130.711,11.220883333333333
Flight 505,Aftermath (UK Version),1966,1,21,0.564,0.671,-11.141,0.0471,0.0567,0.0222,0.33,0.873,134.083,3.453333333333333
High And Dry,Aftermath (UK Version),1966,1,20,0.56,0.5,-13.544,0.0443,0.0534,0.00872,0.242,0.772,114.032,3.1333333333333333
Out Of Time,Aftermath (UK Version),1966,2,46,0.653,0.618,-10.852,0.0744,0.663,0.0,0.134,0.705,126.73,5.614883333333333
It's Not Easy,Aftermath (UK Version),1966,1,20,0.646,0.831,-11.085,0.0507,0.678,2.71e-05,0.571,0.811,135.598,2.93755
I Am Waiting,Aftermath (UK Version),1966,2,23,0.63,0.384,-14.651,0.0394,0.564,5.49e-05,0.0993,0.614,88.586,3.182
Take It Or Leave It,Aftermath (UK Version),1966,1,23,0.648,0.538,-12.537,0.0283,0.154,0.000125,0.165,0.763,104.408,2.7884333333333333
Think,Aftermath (UK Version),1966,1,20,0.61,0.612,-11.976,0.0435,0.00464,0.0592,0.167,0.636,133.006,3.16155
What To Do - Mono Version,Aftermath (UK Version),1966,1,21,0.61,0.492,-13.266,0.0436,0.554,0.00582,0.238,0.834,124.179,2.5424333333333333
She Said Yeah - Remastered 2002,December’s Children (And Everybody’s),1965,1,24,0.401,0.858,-7.649,0.067,0.0289,0.031,0.0571,0.8,111.303,1.5668833333333334
Talkin' About You - Remastered 2002,December’s Children (And Everybody’s),1965,1,20,0.667,0.643,-8.153,0.0365,0.101,0.000433,0.0496,0.855,120.274,2.5137666666666667
You Better Move On,December’s Children (And Everybody’s),1965,1,31,0.616,0.675,-8.178,0.0289,0.452,0.0,0.221,0.757,115.881,2.6582166666666667
Look What You've Done - Mono Version,December’s Children (And Everybody’s),1965,1,23,0.567,0.566,-9.602,0.0492,0.499,0.262,0.554,0.764,98.307,2.2622166666666668
The Singer Not The Song - Mono Version,December’s Children (And Everybody’s),1965,1,25,0.719,0.574,-9.139,0.0298,0.0506,0.000337,0.0933,0.862,110.769,2.3697666666666666
Route 66 - Live,December’s Children (And Everybody’s),1965,3,22,0.38,0.965,-6.457,0.0744,0.0271,0.895,0.397,0.483,85.183,2.6546666666666665
Get Off Of My Cloud - Mono Version,December’s Children (And Everybody’s),1965,1,55,0.579,0.877,-8.83,0.0488,0.0289,0.571,0.0656,0.9,126.336,2.918
I'm Free - Mono Version,December’s Children (And Everybody’s),1965,1,25,0.638,0.462,-10.376,0.031,0.209,0.0887,0.335,0.565,118.728,2.38555
As Tears Go By - Mono Version,December’s Children (And Everybody’s),1965,2,56,0.331,0.277,-11.035,0.0295,0.723,0.00263,0.181,0.366,112.78,2.75355
Gotta Get Away - Mono Version,December’s Children (And Everybody’s),1965,1,20,0.669,0.572,-8.247,0.037,0.0666,0.578,0.156,0.701,112.932,2.1108833333333332
Blue Turns To Grey,December’s Children (And Everybody’s),1965,1,25,0.581,0.673,-7.847,0.0282,0.2,0.0127,0.165,0.736,112.517,2.4802166666666667
I'm Moving On - Live,December’s Children (And Everybody’s),1965,3,19,0.188,0.871,-5.752,0.0573,0.00646,0.779,0.301,0.535,169.661,2.228666666666667
She Said Yeah - Remastered 2002,December's Children (and everybody's),1965,1,3,0.404,0.833,-7.767,0.0632,0.0296,0.0422,0.0693,0.853,111.603,1.5671
Talkin' About You - Remastered 2002,December's Children (and everybody's),1965,1,2,0.669,0.631,-8.29,0.0386,0.105,0.000467,0.046,0.832,120.213,2.514
You Better Move On,December's Children (and everybody's),1965,1,2,0.619,0.67,-8.232,0.0283,0.43,0.0,0.211,0.769,115.875,2.6588833333333333
Look What You've Done - Mono Version,December's Children (and everybody's),1965,1,2,0.566,0.579,-9.598,0.0593,0.497,0.239,0.555,0.776,98.615,2.2628833333333334
The Singer Not The Song - Mono Version,December's Children (and everybody's),1965,1,2,0.717,0.578,-9.03,0.0291,0.0337,0.000172,0.0795,0.888,110.829,2.3706666666666667
Route 66 - Live,December's Children (and everybody's),1965,3,1,0.323,0.965,-6.56,0.0891,0.0191,0.9,0.406,0.499,84.81,2.6548833333333333
Get Off Of My Cloud - Mono Version,December's Children (and everybody's),1965,1,18,0.575,0.875,-9.139,0.0513,0.022,0.412,0.0657,0.884,126.328,2.9182166666666665
I'm Free - Mono Version,December's Children (and everybody's),1965,1,2,0.642,0.458,-10.448,0.0311,0.2,0.0668,0.213,0.55,118.699,2.38555
As Tears Go By - Mono Version,December's Children (and everybody's),1965,2,21,0.355,0.28,-11.031,0.0293,0.736,0.00733,0.168,0.38,113.315,2.7544333333333335
Gotta Get Away - Mono Version,December's Children (and everybody's),1965,1,2,0.668,0.557,-8.208,0.032,0.0669,0.65,0.191,0.712,112.932,2.11155
Blue Turns To Grey,December's Children (and everybody's),1965,1,2,0.58,0.66,-8.027,0.0279,0.21,0.0126,0.143,0.739,112.45,2.4806666666666666
I'm Moving On - Live,December's Children (and everybody's),1965,3,1,0.322,0.862,-5.694,0.0474,0.00945,0.832,0.249,0.504,84.522,2.2288833333333335
Mercy Mercy - Remastered 2002,Out Of Our Heads,1965,1,36,0.61,0.761,-9.217,0.0407,0.00622,0.0318,0.0706,0.725,124.48,2.7451
Hitch Hike - Remastered 2002,Out Of Our Heads,1965,1,31,0.745,0.841,-6.952,0.0329,0.312,0.631,0.0325,0.961,123.535,2.4273333333333333
The Last Time - Mono Version,Out Of Our Heads,1965,0,50,0.327,0.92,-5.223,0.0611,0.144,0.84,0.774,0.439,167.972,3.69155
That's How Strong My Love Is - Remastered 2002,Out Of Our Heads,1965,1,35,0.444,0.58,-9.02,0.0278,0.00186,0.0118,0.0813,0.52,96.489,2.4204333333333334
Good Times - Remastered 2002,Out Of Our Heads,1965,1,32,0.669,0.554,-10.289,0.0385,0.0691,0.00143,0.439,0.776,126.146,1.97155
I'm Alright - Live,Out Of Our Heads,1965,3,29,0.426,0.824,-9.782,0.0502,5.81e-05,0.716,0.946,0.612,118.944,2.3931
(I Can't Get No) Satisfaction - Mono Version,Out Of Our Heads,1965,1,76,0.723,0.863,-7.89,0.0338,0.0383,0.0317,0.128,0.931,136.302,3.71355
Cry To Me - Remastered 2002,Out Of Our Heads,1965,1,32,0.336,0.642,-10.085,0.0422,0.128,0.237,0.17,0.538,182.064,3.1502166666666667
The Under Assistant West Coast Promotion Man - Edit / Mono Version,Out Of Our Heads,1965,1,30,0.57,0.672,-7.705,0.0345,0.0904,1.44e-06,0.269,0.614,136.883,3.1224333333333334
Play With Fire - Mono Version,Out Of Our Heads,1965,2,56,0.578,0.429,-9.601,0.0268,0.178,6.01e-05,0.171,0.0889,108.738,2.222
The Spider And The Fly - Remastered 2002,Out Of Our Heads,1965,1,36,0.747,0.454,-10.758,0.0327,0.0935,0.219,0.118,0.909,98.995,3.633766666666667
One More Try - Remastered 2002,Out Of Our Heads,1965,1,32,0.539,0.802,-9.484,0.0561,0.0357,0.526,0.303,0.94,177.9,1.9668833333333333
Mercy Mercy - Remastered 2002,Out Of Our Heads (US Sequence),1965,1,4,0.609,0.754,-9.187,0.0418,0.00437,0.0138,0.0684,0.744,124.496,2.7457666666666665
Hitch Hike - Remastered 2002,Out Of Our Heads (US Sequence),1965,1,2,0.745,0.851,-6.931,0.0327,0.29,0.71,0.031,0.964,123.515,2.427766666666667
The Last Time - Mono Version,Out Of Our Heads (US Sequence),1965,0,16,0.334,0.922,-5.248,0.0577,0.14,0.849,0.788,0.391,167.806,3.6922166666666665
That's How Strong My Love Is - Remastered 2002,Out Of Our Heads (US Sequence),1965,1,3,0.433,0.596,-9.086,0.0294,0.00129,0.00795,0.0781,0.533,96.833,2.4211
Good Times - Remastered 2002,Out Of Our Heads (US Sequence),1965,1,3,0.665,0.559,-10.221,0.0386,0.0723,0.000581,0.434,0.751,126.291,1.9722166666666667
I'm Alright - Live,Out Of Our Heads (US Sequence),1965,3,3,0.428,0.818,-9.755,0.0458,5.48e-05,0.587,0.952,0.598,118.908,2.3933333333333335
(I Can't Get No) Satisfaction - Mono Version,Out Of Our Heads (US Sequence),1965,1,45,0.724,0.865,-7.899,0.0334,0.0353,0.064,0.106,0.931,136.296,3.714
Cry To Me - Remastered 2002,Out Of Our Heads (US Sequence),1965,1,3,0.347,0.655,-10.087,0.0463,0.121,0.288,0.164,0.5,182.113,3.1511
The Under Assistant West Coast Promotion Man - Edit / Mono Version,Out Of Our Heads (US Sequence),1965,1,2,0.569,0.673,-7.748,0.0361,0.0841,1.77e-06,0.359,0.605,137.01,3.1228833333333332
Play With Fire - Mono Version,Out Of Our Heads (US Sequence),1965,2,11,0.564,0.438,-9.507,0.0266,0.204,4.47e-05,0.175,0.0832,108.98,2.2228833333333333
The Spider And The Fly - Remastered 2002,Out Of Our Heads (US Sequence),1965,1,6,0.747,0.445,-10.786,0.0325,0.0961,0.221,0.104,0.899,99.0,3.6344333333333334
One More Try - Remastered 2002,Out Of Our Heads (US Sequence),1965,1,3,0.542,0.793,-9.466,0.0543,0.0328,0.591,0.299,0.939,177.781,1.9671
She Said Yeah - Remastered 2002,Out Of Our Heads (UK Sequence),1965,1,4,0.391,0.849,-8.081,0.0695,0.0337,0.0412,0.0547,0.831,111.024,1.5726666666666667
Mercy Mercy - Remastered 2002,Out Of Our Heads (UK Sequence),1965,1,3,0.605,0.758,-9.253,0.0398,0.0042,0.0459,0.108,0.727,124.507,2.744666666666667
Hitch Hike - Remastered 2002,Out Of Our Heads (UK Sequence),1965,1,1,0.744,0.844,-7.036,0.0327,0.31,0.684,0.0289,0.963,123.497,2.42355
That's How Strong My Love Is - Remastered 2002,Out Of Our Heads (UK Sequence),1965,1,2,0.443,0.606,-9.4,0.0279,0.0015,0.0135,0.072,0.548,96.577,2.4206666666666665
Good Times - Remastered 2002,Out Of Our Heads (UK Sequence),1965,1,2,0.667,0.555,-10.539,0.0381,0.0541,0.00249,0.507,0.765,126.249,1.9691
Gotta Get Away - Mono Version,Out Of Our Heads (UK Sequence),1965,1,2,0.668,0.556,-8.582,0.0365,0.0643,0.547,0.216,0.711,112.93,2.1086666666666667
Talkin' About You - Remastered 2002,Out Of Our Heads (UK Sequence),1965,1,2,0.654,0.636,-8.596,0.0393,0.125,0.00113,0.0591,0.853,120.22,2.51555
Cry To Me - Remastered 2002,Out Of Our Heads (UK Sequence),1965,1,2,0.348,0.636,-10.325,0.0429,0.126,0.185,0.188,0.518,181.819,3.15
Oh Baby (We Got A Good Thing Goin') - Remastered 2002,Out Of Our Heads (UK Sequence),1965,1,2,0.633,0.704,-9.186,0.0324,0.347,0.262,0.824,0.971,141.587,2.13155
Heart Of Stone - Mono Version,Out Of Our Heads (UK Sequence),1965,1,6,0.389,0.66,-9.883,0.0361,0.261,0.0456,0.326,0.653,187.618,2.83955
The Under Assistant West Coast Promotion Man - Edit / Mono Version,Out Of Our Heads (UK Sequence),1965,1,1,0.57,0.667,-8.03,0.0357,0.0884,1.13e-06,0.22,0.594,136.84,3.1224333333333334
I'm Free - Mono Version,Out Of Our Heads (UK Sequence),1965,1,4,0.643,0.46,-10.843,0.0311,0.208,0.0876,0.335,0.608,118.743,2.3928833333333333
She Said Yeah - Remastered 2002,Out Of Our Heads (UK),1965,1,21,0.421,0.83,-7.818,0.0631,0.0315,0.0234,0.0482,0.835,111.124,1.5728833333333334
Mercy Mercy - Remastered 2002,Out Of Our Heads (UK),1965,1,17,0.604,0.763,-9.254,0.0396,0.00424,0.0252,0.0548,0.768,124.475,2.7813333333333334
Hitch Hike - Remastered 2002,Out Of Our Heads (UK),1965,1,15,0.747,0.835,-7.04,0.0324,0.34,0.733,0.0281,0.963,123.456,2.4364333333333335
That's How Strong My Love Is - Remastered 2002,Out Of Our Heads (UK),1965,1,17,0.431,0.596,-9.121,0.0269,0.00151,0.00407,0.0642,0.541,96.711,2.4286666666666665
Good Times - Remastered 2002,Out Of Our Heads (UK),1965,1,16,0.663,0.551,-10.317,0.0391,0.0736,0.00136,0.207,0.748,126.251,1.9933333333333334
Gotta Get Away - Mono Version,Out Of Our Heads (UK),1965,1,21,0.666,0.55,-8.296,0.0326,0.0693,0.574,0.142,0.699,112.947,2.1266666666666665
Talkin' About You - Remastered 2002,Out Of Our Heads (UK),1965,1,18,0.668,0.637,-8.337,0.037,0.114,0.000418,0.0603,0.833,120.292,2.534
Cry To Me - Remastered 2002,Out Of Our Heads (UK),1965,1,15,0.348,0.641,-10.159,0.0406,0.125,0.189,0.17,0.522,182.276,3.168433333333333
Oh Baby (We Got A Good Thing Goin') - Remastered 2002,Out Of Our Heads (UK),1965,1,15,0.681,0.716,-8.926,0.0285,0.364,0.222,0.899,0.969,141.523,2.1586666666666665
Heart Of Stone - Stereo Version / Remastered 2002,Out Of Our Heads (UK),1965,1,20,0.393,0.652,-9.882,0.0365,0.251,0.0469,0.329,0.645,187.237,2.851766666666667
The Under Assistant West Coast Promotion Man - Edit / Mono Version,Out Of Our Heads (UK),1965,1,14,0.575,0.673,-7.811,0.0347,0.0888,2.76e-06,0.222,0.625,136.974,3.1311
I'm Free - Mono Version,Out Of Our Heads (UK),1965,1,30,0.64,0.443,-10.652,0.031,0.197,0.0397,0.435,0.582,118.71,2.3924333333333334
Everybody Needs Somebody To Love - Version 2 - short,Now!,1965,1,3,0.571,0.831,-9.872,0.0949,0.16,1.85e-06,0.0937,0.581,174.385,2.9644333333333335
Down Home Girl,Now!,1965,1,2,0.662,0.777,-8.135,0.0269,0.633,0.679,0.0903,0.822,115.786,4.19555
You Can't Catch Me,Now!,1965,1,3,0.648,0.904,-10.164,0.0471,0.0624,0.00351,0.345,0.846,104.223,3.657766666666667
Heart Of Stone - Stereo Version / Remastered 2002,Now!,1965,1,13,0.378,0.586,-11.336,0.0363,0.185,0.0193,0.0848,0.557,186.8,2.8177666666666665
What A Shame - Mono Version,Now!,1965,1,2,0.638,0.518,-12.532,0.0283,0.263,0.14,0.153,0.912,127.093,3.0833333333333335
Mona (I Need You Baby),Now!,1965,1,2,0.694,0.646,-11.035,0.132,0.0718,0.000177,0.0924,0.421,98.78,3.5784333333333334
Down The Road Apiece,Now!,1965,1,2,0.333,0.725,-12.567,0.0422,0.541,0.00162,0.0551,0.938,178.012,2.92
Off The Hook - Mono Version,Now!,1965,1,2,0.615,0.615,-10.801,0.0293,0.155,8.46e-06,0.138,0.871,76.613,2.5711
Pain In My Heart,Now!,1965,1,3,0.48,0.586,-8.913,0.0398,0.565,0.77,0.124,0.758,177.038,2.1922166666666665
Oh Baby (We Got A Good Thing Goin') - Remastered 2002,Now!,1965,1,2,0.637,0.756,-8.645,0.0301,0.494,0.589,0.853,0.966,141.535,2.133983333333333
Little Red Rooster - Mono Version,Now!,1965,1,6,0.722,0.435,-11.647,0.0443,0.0616,0.0492,0.0963,0.675,109.356,3.096
"Surprise, Surprise",Now!,1965,1,4,0.734,0.867,-8.876,0.0715,0.0278,3.05e-05,0.127,0.929,107.712,2.5288833333333334
Everybody Needs Somebody To Love,"The Rolling Stones, Now!",1965,1,25,0.568,0.843,-9.858,0.11,0.163,2.95e-06,0.0823,0.573,174.623,2.974
Down Home Girl,"The Rolling Stones, Now!",1965,1,21,0.664,0.786,-8.21,0.0269,0.594,0.633,0.1,0.856,115.791,4.19555
You Can't Catch Me,"The Rolling Stones, Now!",1965,1,20,0.653,0.9,-10.149,0.045,0.0604,0.00564,0.354,0.853,104.244,3.658
Heart Of Stone - Stereo Version / Remastered 2002,"The Rolling Stones, Now!",1965,1,36,0.581,0.577,-11.375,0.0275,0.149,0.0263,0.103,0.569,94.827,2.818216666666667
What A Shame - Mono Version,"The Rolling Stones, Now!",1965,1,19,0.642,0.522,-12.488,0.0284,0.282,0.0988,0.113,0.902,127.213,3.0833333333333335
Mona (I Need You Baby),"The Rolling Stones, Now!",1965,1,20,0.694,0.658,-11.029,0.118,0.0696,0.000303,0.0921,0.416,99.001,3.5782166666666666
Down The Road Apiece,"The Rolling Stones, Now!",1965,1,21,0.338,0.724,-12.593,0.04,0.519,0.0017,0.0537,0.923,177.835,2.92
Off The Hook - Mono Version,"The Rolling Stones, Now!",1965,1,19,0.614,0.611,-10.827,0.0299,0.164,9.59e-06,0.164,0.876,76.549,2.5711
Pain In My Heart,"The Rolling Stones, Now!",1965,1,19,0.479,0.591,-8.902,0.0435,0.567,0.751,0.158,0.727,176.974,2.1924333333333332
Oh Baby (We Got A Good Thing Goin') - Remastered 2002,"The Rolling Stones, Now!",1965,1,22,0.634,0.758,-8.689,0.0302,0.466,0.743,0.882,0.965,141.559,2.133983333333333
Little Red Rooster - Mono Version,"The Rolling Stones, Now!",1965,1,45,0.721,0.432,-11.688,0.0411,0.0674,0.0321,0.0971,0.674,109.373,3.096433333333333
"Surprise, Surprise","The Rolling Stones, Now!",1965,1,24,0.741,0.872,-8.898,0.0711,0.0211,2.91e-05,0.0789,0.923,107.706,2.5291
Everybody Needs Somebody To Love - Long Version,The Rolling Stones No. 2,1965,1,38,0.527,0.731,-7.618,0.0668,0.262,0.00276,0.112,0.795,177.978,5.0531
Down Home Girl,The Rolling Stones No. 2,1965,1,29,0.663,0.785,-8.146,0.027,0.624,0.695,0.0779,0.847,115.811,4.195766666666667
You Can't Catch Me,The Rolling Stones No. 2,1965,1,27,0.654,0.872,-11.409,0.0471,0.0578,0.00619,0.354,0.835,104.24,3.6582166666666667
Time Is On My Side - Mono Version,The Rolling Stones No. 2,1965,2,45,0.508,0.645,-9.012,0.0395,0.291,3.25e-06,0.107,0.412,99.302,2.98555
What A Shame - Mono Version,The Rolling Stones No. 2,1965,1,27,0.691,0.561,-10.204,0.0284,0.164,0.154,0.133,0.865,127.345,3.0422166666666666
Grown Up Wrong,The Rolling Stones No. 2,1965,1,20,0.534,0.511,-10.658,0.0367,0.118,1.82e-05,0.284,0.39,159.587,2.088433333333333
Down The Road Apiece,The Rolling Stones No. 2,1965,1,26,0.393,0.771,-9.931,0.0491,0.593,0.000125,0.0652,0.924,178.385,2.9337666666666666
Under The Boardwalk,The Rolling Stones No. 2,1965,2,25,0.705,0.455,-11.329,0.0367,0.657,0.0,0.246,0.601,119.068,2.78155
I Can't Be Satisfied,The Rolling Stones No. 2,1965,1,25,0.701,0.516,-10.647,0.0348,0.155,0.0262,0.289,0.619,99.337,3.45955
Pain In My Heart,The Rolling Stones No. 2,1965,1,26,0.458,0.567,-8.933,0.038,0.625,0.758,0.137,0.778,178.312,2.1926666666666668
Off The Hook - Mono Version,The Rolling Stones No. 2,1965,1,27,0.611,0.603,-11.051,0.0295,0.187,7.22e-06,0.169,0.882,76.58,2.5713333333333335
Susie Q,The Rolling Stones No. 2,1965,1,23,0.509,0.753,-9.249,0.0328,0.0404,0.822,0.169,0.968,80.8,1.8497666666666666
Around And Around,12 x 5,1964,2,7,0.317,0.608,-11.847,0.0584,0.477,5.12e-05,0.305,0.782,183.461,3.0533333333333332
Confessin' The Blues,12 x 5,1964,1,5,0.479,0.523,-10.761,0.0416,0.167,0.000705,0.377,0.79,122.547,2.7877666666666667
Empty Heart,12 x 5,1964,1,2,0.498,0.678,-10.375,0.0386,0.0069,0.0,0.0819,0.961,140.585,2.616216666666667
Time Is On My Side,12 x 5,1964,0,9,0.232,0.838,-7.555,0.144,0.288,0.0,0.0704,0.424,215.81,2.8788833333333335
"Good Times, Bad Times - Mono Version",12 x 5,1964,1,2,0.438,0.534,-9.714,0.0462,0.0546,0.00494,0.112,0.643,196.971,2.5033333333333334
It's All Over Now,12 x 5,1964,1,10,0.606,0.679,-10.727,0.0304,0.0232,8.38e-06,0.33,0.749,99.028,3.4411
2120 South Michigan Avenue - Mono Version,12 x 5,1964,1,2,0.612,0.584,-13.197,0.0302,0.00135,0.84,0.084,0.825,147.953,3.641766666666667
Under The Boardwalk,12 x 5,1964,2,8,0.705,0.489,-10.094,0.0352,0.65,0.0,0.277,0.601,119.079,2.7764333333333333
Congratulations - Mono Version,12 x 5,1964,1,4,0.604,0.58,-9.266,0.0438,0.184,0.00746,0.168,0.65,98.331,2.4808833333333333
Grown Up Wrong,12 x 5,1964,1,2,0.53,0.619,-9.442,0.0494,0.105,6.05e-05,0.291,0.215,159.589,2.0933333333333333
If You Need Me,12 x 5,1964,1,3,0.519,0.542,-10.501,0.0256,0.457,0.000157,0.13,0.672,98.572,2.070883333333333
Susie Q,12 x 5,1964,1,6,0.506,0.773,-9.034,0.0335,0.0396,0.689,0.226,0.967,80.84,1.8493333333333333
Around And Around,12 X 5,1964,2,35,0.317,0.607,-11.862,0.0647,0.456,5.36e-05,0.288,0.747,185.991,3.0524333333333336
Confessin' The Blues,12 X 5,1964,1,34,0.534,0.52,-10.743,0.0366,0.145,0.000466,0.368,0.816,116.855,2.7871
Empty Heart,12 X 5,1964,1,26,0.504,0.678,-10.38,0.0367,0.00865,0.0,0.0805,0.953,140.618,2.6157666666666666
Time Is On My Side - Mono Version / Organ Intro,12 X 5,1964,0,44,0.229,0.83,-7.591,0.139,0.343,0.0,0.0712,0.423,216.304,2.878216666666667
"Good Times, Bad Times - Mono Version",12 X 5,1964,1,27,0.438,0.517,-9.746,0.0431,0.0791,0.00566,0.108,0.702,196.817,2.502666666666667
It's All Over Now - Mono Version,12 X 5,1964,1,44,0.603,0.689,-10.729,0.0304,0.0239,3.27e-06,0.33,0.761,99.088,3.4406666666666665
2120 South Michigan Avenue - Long Version,12 X 5,1964,1,28,0.609,0.585,-13.173,0.0305,0.00137,0.876,0.0819,0.825,147.176,3.6411
Under The Boardwalk,12 X 5,1964,2,35,0.703,0.492,-10.085,0.0349,0.644,0.0,0.265,0.593,119.034,2.775333333333333
Congratulations - Mono Version,12 X 5,1964,1,27,0.394,0.562,-9.301,0.0914,0.16,0.0211,0.187,0.66,197.401,2.47955
Grown Up Wrong,12 X 5,1964,1,24,0.525,0.55,-9.432,0.0397,0.123,5.83e-05,0.273,0.336,159.608,2.092216666666667
If You Need Me,12 X 5,1964,1,29,0.516,0.535,-10.464,0.0256,0.429,0.000124,0.13,0.665,98.574,2.07
Susie Q,12 X 5,1964,1,32,0.506,0.762,-9.059,0.0345,0.0333,0.69,0.211,0.967,80.84,1.8497666666666666
Not Fade Away - Mono Version,England’s Newest Hitmakers,1964,1,41,0.75,0.826,-9.992,0.0472,0.00661,0.63,0.153,0.896,113.294,1.7953333333333332
Route 66,England’s Newest Hitmakers,1964,1,22,0.672,0.715,-10.052,0.072,0.267,0.000293,0.0878,0.959,85.108,2.336883333333333
I Just Want To Make Love To You - Mono Version,England’s Newest Hitmakers,1964,1,18,0.658,0.822,-8.931,0.1,0.222,0.798,0.359,0.585,126.799,2.2944333333333335
Honest I Do,England’s Newest Hitmakers,1964,1,17,0.653,0.377,-10.707,0.0857,0.153,0.693,0.213,0.447,87.527,2.1631
Now I've Got A Witness,England’s Newest Hitmakers,1964,1,16,0.668,0.69,-7.794,0.0287,0.038,0.909,0.237,0.96,97.697,2.5302166666666666
Little By Little - Mono Version,England’s Newest Hitmakers,1964,1,16,0.475,0.725,-8.741,0.0537,0.0147,0.149,0.245,0.911,87.655,2.661766666666667
I'm A King Bee,England’s Newest Hitmakers,1964,1,18,0.887,0.555,-10.788,0.0643,0.0145,0.00612,0.0584,0.889,105.415,2.6022166666666666
Carol,England’s Newest Hitmakers,1964,1,19,0.585,0.94,-9.198,0.0407,0.154,0.0065,0.325,0.969,88.43,2.5677666666666665
Tell Me,England’s Newest Hitmakers,1964,1,19,0.506,0.705,-9.418,0.086,0.063,1.67e-06,0.568,0.469,121.994,4.0891
Can I Get A Witness,England’s Newest Hitmakers,1964,1,16,0.791,0.779,-7.971,0.0681,0.363,0.0,0.0742,0.829,97.058,2.9342166666666665
You Can Make It If You Try,England’s Newest Hitmakers,1964,1,14,0.698,0.537,-9.558,0.0582,0.254,2.94e-05,0.172,0.553,102.733,2.0277666666666665
Walking The Dog,England’s Newest Hitmakers,1964,1,17,0.728,0.933,-8.349,0.036,0.386,0.0497,0.109,0.968,125.318,3.1531
Not Fade Away - Mono Version,England's Newest Hit Makers,1964,1,3,0.755,0.831,-10.009,0.0484,0.00495,0.498,0.11,0.848,113.311,1.79555
Route 66,England's Newest Hit Makers,1964,1,1,0.671,0.726,-9.892,0.0723,0.288,0.000408,0.0607,0.959,85.084,2.3377666666666665
I Just Want To Make Love To You - Mono Version,England's Newest Hit Makers,1964,1,1,0.659,0.825,-8.865,0.102,0.215,0.876,0.353,0.601,126.841,2.2951
Honest I Do,England's Newest Hit Makers,1964,1,0,0.628,0.368,-10.734,0.108,0.136,0.538,0.17,0.47,87.178,2.1637666666666666
Now I've Got A Witness,England's Newest Hit Makers,1964,1,0,0.672,0.685,-7.793,0.0292,0.0441,0.913,0.238,0.95,97.854,2.530666666666667
Little By Little - Mono Version,England's Newest Hit Makers,1964,1,0,0.475,0.731,-8.731,0.0554,0.0141,0.103,0.161,0.903,87.559,2.6622166666666667
I'm A King Bee,England's Newest Hit Makers,1964,1,0,0.884,0.554,-10.899,0.0636,0.016,0.00562,0.0786,0.884,105.536,2.6026666666666665
Carol,England's Newest Hit Makers,1964,1,1,0.599,0.939,-9.223,0.039,0.148,0.00747,0.32,0.967,88.645,2.5677666666666665
Tell Me - Full Version / Mono Version,England's Newest Hit Makers,1964,1,1,0.504,0.722,-9.438,0.0826,0.0697,2.88e-06,0.501,0.469,121.99,4.088433333333334
Can I Get A Witness,England's Newest Hit Makers,1964,1,0,0.783,0.783,-7.981,0.0741,0.312,0.0,0.0763,0.842,97.018,2.9351
You Can Make It If You Try,England's Newest Hit Makers,1964,1,0,0.699,0.554,-9.465,0.0529,0.201,5.09e-05,0.107,0.582,102.508,2.028216666666667
Walking The Dog,England's Newest Hit Makers,1964,1,0,0.724,0.942,-8.357,0.0354,0.396,0.0648,0.116,0.967,125.331,3.1533333333333333
Route 66,The Rolling Stones,1964,1,51,0.671,0.725,-10.065,0.065,0.296,0.00022,0.0889,0.956,85.27,2.34
I Just Want To Make Love To You - Mono Version,The Rolling Stones,1964,1,34,0.657,0.825,-8.94,0.098,0.219,0.845,0.354,0.582,126.817,2.2944333333333335
Honest I Do,The Rolling Stones,1964,1,31,0.646,0.374,-10.706,0.103,0.151,0.651,0.208,0.475,87.593,2.1633333333333336
Mona (I Need You Baby),The Rolling Stones,1964,1,33,0.695,0.684,-9.968,0.133,0.0688,0.000257,0.0981,0.427,99.014,3.5782166666666666
Now I've Got A Witness,The Rolling Stones,1964,1,29,0.666,0.682,-7.789,0.0298,0.0375,0.912,0.256,0.953,97.849,2.5302166666666666
Little By Little - Mono Version,The Rolling Stones,1964,1,32,0.482,0.719,-8.794,0.0558,0.0146,0.13,0.155,0.909,87.743,2.661766666666667
I'm A King Bee,The Rolling Stones,1964,1,33,0.886,0.565,-10.818,0.0629,0.0149,0.00378,0.0565,0.896,105.423,2.6024333333333334
Carol,The Rolling Stones,1964,3,39,0.466,0.932,-9.214,0.0429,0.157,0.00617,0.324,0.967,177.34,2.568
Tell Me,The Rolling Stones,1964,1,36,0.509,0.706,-9.427,0.0843,0.0576,1.69e-06,0.516,0.446,122.015,4.087766666666667
Can I Get A Witness,The Rolling Stones,1964,1,30,0.79,0.774,-7.961,0.072,0.371,0.0,0.0669,0.835,97.035,2.9346666666666668
You Can Make It If You Try,The Rolling Stones,1964,1,27,0.7,0.546,-9.567,0.0622,0.217,7.02e-05,0.166,0.532,102.634,2.028
Walking The Dog,The Rolling Stones,1964,1,35,0.727,0.934,-8.373,0.0359,0.383,0.0685,0.0965,0.969,125.275,3.1531
